2026/08/15 09:51:59 AuditWorker: Error inserting event 77e1e398-2285-4b09-90b7-e7e8b15ce563: failed to insert pending batch audit log: pq: invalid input syntax for type uuid: ""
2026/08/15 09:51:59 AuditWorker: Error inserting event 2497c5e5-6c55-4c15-8e43-eb95236872f9: failed to insert pending batch audit log: pq: invalid input syntax for type uuid: "unknown"
2026/08/15 09:51:59 AuditWorker: Error inserting event d41d3d1b-30da-4f24-b58d-18105c2f4165: failed to insert pending batch audit log: pq: invalid input syntax for type uuid: ""
2026/08/15 09:51:59 AuditWorker: Error inserting event 8e51337f-d1e4-4f3f-8701-e78dde7441d7: failed to insert pending batch audit log: pq: invalid input syntax for type uuid: ""
2026/08/15 09:51:59 AuditWorker: Error inserting event 49327a63-8e46-4488-8cb6-e4667e51414f: failed to insert pending batch audit log: pq: invalid input syntax for type uuid: "unknown"
2026/08/15 09:51:59 AuditWorker: Error inserting event 3fae9265-a26d-4485-90c8-4d59bc25588c: failed to insert pending batch audit log: pq: invalid input syntax for type uuid: "unknown"
2026/08/15 09:51:59 AuditWorker: Error inserting event 94db57aa-8e53-4985-bbfc-7abbffbd9594: failed to insert pending batch audit log: pq: invalid input syntax for type uuid: ""
2026/08/15 09:51:59 AuditWorker: Error inserting event 29ac45da-3148-41f8-a027-bd065aa41e72: failed to insert pending batch audit log: pq: invalid input syntax for type uuid: "unknown"
2026/08/15 09:51:59 AuditWorker: Error inserting event 03564239-f7f2-44cd-a8a7-f4c7a7d8f232: failed to insert pending batch audit log: pq: invalid input syntax for type uuid: ""
2026/08/15 09:51:59 AuditWorker: Error inserting event 4b122fde-8568-4c6f-b7f2-c08a93932c50: failed to insert pending batch audit log: pq: invalid input syntax for type uuid: ""
2026/08/15 09:51:59 AuditWorker: Error inserting event 2373dae0-f271-49e6-ad1c-ce534e43fd5a: failed to insert pending batch audit log: pq: invalid input syntax for type uuid: "unknown"
2026/08/15 09:51:59 AuditWorker: Error inserting event 5998d9f4-5a73-4722-b980-01ceca38d9e8: failed to insert pending batch audit log: pq: invalid input syntax for type uuid: "unknown"
2026/08/15 09:51:59 AuditWorker: Error inserting event 6a7baeba-a8d4-40e1-a713-9a51c3bb06fb: failed to insert pending batch audit log: pq: invalid input syntax for type uuid: ""
2026/08/15 09:51:59 AuditWorker: Error inserting event 7e556aad-6b25-4d03-9425-b399e87a2189: failed to insert pending batch audit log: pq: invalid input syntax for type uuid: "unknown"
2026/08/15 09:51:59 AuditWorker: Error inserting event efe5c97c-b084-468e-8ac0-62e8e83beb0e: failed to insert pending batch audit log: pq: invalid input syntax for type uuid: ""
2026/08/15 09:51:59 AuditWorker: Error inserting event 768abb7b-2cd5-4dd4-a886-3d2e9dd2df32: failed to insert pending batch audit log: pq: invalid input syntax for type uuid: "unknown"
2026/08/15 09:51:59 AuditWorker: Error inserting event 76e04477-4eef-40a2-a81e-113fa6104ab9: failed to insert pending batch audit log: pq: invalid input syntax for type uuid: "unknown"
2026/08/15 09:51:59 AuditWorker: Error inserting event 097633ec-594f-4b05-8aca-ed0adfacf3d6: failed to insert pending batch audit log: pq: invalid input syntax for type uuid: "unknown"
2026/08/15 09:51:59 AuditWorker: Error inserting event 874182b2-5424-4eb1-81aa-d40f8a3df5ac: failed to insert pending batch audit log: pq: invalid input syntax for type uuid: "unknown"
2026/08/15 09:51:59 AuditWorker: Error inserting event d0dd192f-e1ce-4784-ba36-0badd0c92124: failed to insert pending batch audit log: pq: invalid input syntax for type uuid: "unknown"
2026/08/15 09:51:59 AuditWorker: Error inserting event 5d804547-0299-4d43-a3e1-f8c4b7298710: failed to insert pending batch audit log: pq: invalid input syntax for type uuid: "unknown"
2026/08/15 09:51:59 AuditWorker: Error inserting event a8e27536-31bb-4330-91df-f4570ae02c8f: failed to insert pending batch audit log: pq: invalid input syntax for type uuid: "unknown"
2026/08/15 09:51:59 AuditWorker: Error inserting event 551fa9e4-08d0-4911-a52c-d321a6d652b9: failed to insert pending batch audit log: pq: invalid input syntax for type uuid: "unknown"
2026/08/15 09:51:59 AuditWorker: Error inserting event d88d3a04-1d36-44d8-9f9f-72441b1007cb: failed to insert pending batch audit log: pq: invalid input syntax for type uuid: "unknown"
2026/08/15 09:51:59 AuditWorker: Error inserting event 8a3cd69c-c222-4fae-8d43-f8b448ec8694: failed to insert pending batch audit log: pq: invalid input syntax for type uuid: ""
2026/08/15 09:51:59 AuditWorker: Error inserting event 613660cc-ff8a-4c62-b555-a14a5b68bedb: failed to insert pending batch audit log: pq: invalid input syntax for type uuid: ""
2026/08/15 09:51:59 AuditWorker: Error inserting event 5c0b9de6-8bfc-4a84-9aef-b269216e906e: failed to insert pending batch audit log: pq: invalid input syntax for type uuid: ""
2026/08/15 09:51:59 AuditWorker: Error inserting event c7d96929-338a-4a4c-8d18-a8d9ed5a427a: failed to insert pending batch audit log: pq: invalid input syntax for type uuid: ""
2026/08/15 09:51:59 AuditWorker: Error inserting event a22b110f-7c3d-4f57-bcfe-721aa0a7c23a: failed to insert pending batch audit log: pq: invalid input syntax for type uuid: ""
2026/08/15 09:51:59 AuditWorker: Error inserting event 0f951c6a-d368-48e8-bb33-961e4a51e3b2: failed to insert pending batch audit log: pq: invalid input syntax for type uuid: ""
2026/08/15 09:51:59 AuditWorker: Error inserting event b6c443a8-6482-45bd-888f-6a1a61bb69d1: failed to insert pending batch audit log: pq: invalid input syntax for type uuid: ""
2026/08/15 09:51:59 AuditWorker: Error inserting event 77e1e398-2285-4b09-90b7-e7e8b15ce563: failed to insert pending batch audit log: pq: invalid input syntax for type uuid: ""
2026/08/15 09:51:59 AuditWorker: Error inserting event 2497c5e5-6c55-4c15-8e43-eb95236872f9: failed to insert pending batch audit log: pq: invalid input syntax for type uuid: "unknown"
2026/08/15 09:51:59 AuditWorker: Error inserting event d41d3d1b-30da-4f24-b58d-18105c2f4165: failed to insert pending batch audit log: pq: invalid input syntax for type uuid: ""
2026/08/15 09:51:59 AuditWorker: Error inserting event 8e51337f-d1e4-4f3f-8701-e78dde7441d7: failed to insert pending batch audit log: pq: invalid input syntax for type uuid: ""
2026/08/15 09:51:59 AuditWorker: Error inserting event 49327a63-8e46-4488-8cb6-e4667e51414f: failed to insert pending batch audit log: pq: invalid input syntax for type uuid: "unknown"
2026/08/15 09:51:59 AuditWorker: Error inserting event 3fae9265-a26d-4485-90c8-4d59bc25588c: failed to insert pending batch audit log: pq: invalid input syntax for type uuid: "unknown"
2026/08/15 09:51:59 AuditWorker: Error inserting event 94db57aa-8e53-4985-bbfc-7abbffbd9594: failed to insert pending batch audit log: pq: invalid input syntax for type uuid: ""
2026/08/15 09:51:59 AuditWorker: Error inserting event 29ac45da-3148-41f8-a027-bd065aa41e72: failed to insert pending batch audit log: pq: invalid input syntax for type uuid: "unknown"
2026/08/15 09:51:59 AuditWorker: Error inserting event 03564239-f7f2-44cd-a8a7-f4c7a7d8f232: failed to insert pending batch audit log: pq: invalid input syntax for type uuid: ""
2026/08/15 09:51:59 AuditWorker: Error inserting event 4b122fde-8568-4c6f-b7f2-c08a93932c50: failed to insert pending batch audit log: pq: invalid input syntax for type uuid: ""
2026/08/15 09:51:59 AuditWorker: Error inserting event 2373dae0-f271-49e6-ad1c-ce534e43fd5a: failed to insert pending batch audit log: pq: invalid input syntax for type uuid: "unknown"
2026/08/15 09:51:59 AuditWorker: Error inserting event 5998d9f4-5a73-4722-b980-01ceca38d9e8: failed to insert pending batch audit log: pq: invalid input syntax for type uuid: "unknown"
2026/08/15 09:51:59 AuditWorker: Error inserting event 6a7baeba-a8d4-40e1-a713-9a51c3bb06fb: failed to insert pending batch audit log: pq: invalid input syntax for type uuid: ""
2026/08/15 09:51:59 AuditWorker: Error inserting event 7e556aad-6b25-4d03-9425-b399e87a2189: failed to insert pending batch audit log: pq: invalid input syntax for type uuid: "unknown"
2026/08/15 09:51:59 AuditWorker: Error inserting event efe5c97c-b084-468e-8ac0-62e8e83beb0e: failed to insert pending batch audit log: pq: invalid input syntax for type uuid: ""
2026/08/15 09:51:59 AuditWorker: Error inserting event 768abb7b-2cd5-4dd4-a886-3d2e9dd2df32: failed to insert pending batch audit log: pq: invalid input syntax for type uuid: "unknown"
2026/08/15 09:51:59 AuditWorker: Error inserting event 76e04477-4eef-40a2-a81e-113fa6104ab9: failed to insert pending batch audit log: pq: invalid input syntax for type uuid: "unknown"
2026/08/15 09:51:59 AuditWorker: Error inserting event 097633ec-594f-4b05-8aca-ed0adfacf3d6: failed to insert pending batch audit log: pq: invalid input syntax for type uuid: "unknown"
2026/08/15 09:51:59 AuditWorker: Error inserting event 874182b2-5424-4eb1-81aa-d40f8a3df5ac: failed to insert pending batch audit log: pq: invalid input syntax for type uuid: "unknown"
2026/08/15 09:51:59 AuditWorker: Error inserting event d0dd192f-e1ce-4784-ba36-0badd0c92124: failed to insert pending batch audit log: pq: invalid input syntax for type uuid: "unknown"
2026/08/15 09:51:59 AuditWorker: Error inserting event 5d804547-0299-4d43-a3e1-f8c4b7298710: failed to insert pending batch audit log: pq: invalid input syntax for type uuid: "unknown"
2026/08/15 09:51:59 AuditWorker: Error inserting event a8e27536-31bb-4330-91df-f4570ae02c8f: failed to insert pending batch audit log: pq: invalid input syntax for type uuid: "unknown"
2026/08/15 09:51:59 AuditWorker: Error inserting event 551fa9e4-08d0-4911-a52c-d321a6d652b9: failed to insert pending batch audit log: pq: invalid input syntax for type uuid: "unknown"
2026/08/15 09:51:59 AuditWorker: Error inserting event d88d3a04-1d36-44d8-9f9f-72441b1007cb: failed to insert pending batch audit log: pq: invalid input syntax for type uuid: "unknown"
2026/08/15 09:51:59 AuditWorker: Error inserting event 8a3cd69c-c222-4fae-8d43-f8b448ec8694: failed to insert pending batch audit log: pq: invalid input syntax for type uuid: ""
2026/08/15 09:51:59 AuditWorker: Error inserting event 613660cc-ff8a-4c62-b555-a14a5b68bedb: failed to insert pending batch audit log: pq: invalid input syntax for type uuid: ""
2026/08/15 09:51:59 AuditWorker: Error inserting event 5c0b9de6-8bfc-4a84-9aef-b269216e906e: failed to insert pending batch audit log: pq: invalid input syntax for type uuid: ""
2026/08/15 09:51:59 AuditWorker: Error inserting event c7d96929-338a-4a4c-8d18-a8d9ed5a427a: failed to insert pending batch audit log: pq: invalid input syntax for type uuid: ""
2026/08/15 09:51:59 AuditWorker: Error inserting event a22b110f-7c3d-4f57-bcfe-721aa0a7c23a: failed to insert pending batch audit log: pq: invalid input syntax for type uuid: ""
2026/08/15 09:51:59 AuditWorker: Error inserting event 0f951c6a-d368-48e8-bb33-961e4a51e3b2: failed to insert pending batch audit log: pq: invalid input syntax for type uuid: ""
2026/08/15 09:51:59 AuditWorker: Error inserting event b6c443a8-6482-45bd-888f-6a1a61bb69d1: failed to insert pending batch audit log: pq: invalid input syntax for type uuid: ""
2026/08/15 09:51:59 AuditWorker: Error inserting event 77e1e398-2285-4b09-90b7-e7e8b15ce563: failed to insert pending batch audit log: pq: invalid input syntax for type uuid: ""
2026/08/15 09:51:59 AuditWorker: Error inserting event 2497c5e5-6c55-4c15-8e43-eb95236872f9: failed to insert pending batch audit log: pq: invalid input syntax for type uuid: "unknown"
2026/08/15 09:51:59 AuditWorker: Error inserting event d41d3d1b-30da-4f24-b58d-18105c2f4165: failed to insert pending batch audit log: pq: invalid input syntax for type uuid: ""
2026/08/15 09:51:59 AuditWorker: Error inserting event 8e51337f-d1e4-4f3f-8701-e78dde7441d7: failed to insert pending batch audit log: pq: invalid input syntax for type uuid: ""
2026/08/15 09:51:59 AuditWorker: Error inserting event 49327a63-8e46-4488-8cb6-e4667e51414f: failed to insert pending batch audit log: pq: invalid input syntax for type uuid: "unknown"
2026/08/15 09:51:59 AuditWorker: Error inserting event 3fae9265-a26d-4485-90c8-4d59bc25588c: failed to insert pending batch audit log: pq: invalid input syntax for type uuid: "unknown"
2026/08/15 09:51:59 AuditWorker: Error inserting event 94db57aa-8e53-4985-bbfc-7abbffbd9594: failed to insert pending batch audit log: pq: invalid input syntax for type uuid: ""
2026/08/15 09:51:59 AuditWorker: Error inserting event 29ac45da-3148-41f8-a027-bd065aa41e72: failed to insert pending batch audit log: pq: invalid input syntax for type uuid: "unknown"
2026/08/15 09:51:59 AuditWorker: Error inserting event 03564239-f7f2-44cd-a8a7-f4c7a7d8f232: failed to insert pending batch audit log: pq: invalid input syntax for type uuid: ""
2026/08/15 09:51:59 AuditWorker: Error inserting event 4b122fde-8568-4c6f-b7f2-c08a93932c50: failed to insert pending batch audit log: pq: invalid input syntax for type uuid: ""
2026/08/15 09:51:59 AuditWorker: Error inserting event 2373dae0-f271-49e6-ad1c-ce534e43fd5a: failed to insert pending batch audit log: pq: invalid input syntax for type uuid: "unknown"
2026/08/15 09:51:59 AuditWorker: Error inserting event 5998d9f4-5a73-4722-b980-01ceca38d9e8: failed to insert pending batch audit log: pq: invalid input syntax for type uuid: "unknown"
2026/08/15 09:51:59 AuditWorker: Error inserting event 6a7baeba-a8d4-40e1-a713-9a51c3bb06fb: failed to insert pending batch audit log: pq: invalid input syntax for type uuid: ""
2026/08/15 09:51:59 AuditWorker: Error inserting event 7e556aad-6b25-4d03-9425-b399e87a2189: failed to insert pending batch audit log: pq: invalid input syntax for type uuid: "unknown"
2026/08/15 09:51:59 AuditWorker: Error inserting event efe5c97c-b084-468e-8ac0-62e8e83beb0e: failed to insert pending batch audit log: pq: invalid input syntax for type uuid: ""
2026/08/15 09:51:59 AuditWorker: Error inserting event 768abb7b-2cd5-4dd4-a886-3d2e9dd2df32: failed to insert pending batch audit log: pq: invalid input syntax for type uuid: "unknown"
2026/08/15 09:51:59 AuditWorker: Error inserting event 76e04477-4eef-40a2-a81e-113fa6104ab9: failed to insert pending batch audit log: pq: invalid input syntax for type uuid: "unknown"
2026/08/15 09:51:59 AuditWorker: Error inserting event 097633ec-594f-4b05-8aca-ed0adfacf3d6: failed to insert pending batch audit log: pq: invalid input syntax for type uuid: "unknown"
2026/08/15 09:51:59 AuditWorker: Error inserting event 874182b2-5424-4eb1-81aa-d40f8a3df5ac: failed to insert pending batch audit log: pq: invalid input syntax for type uuid: "unknown"
2026/08/15 09:51:59 AuditWorker: Error inserting event d0dd192f-e1ce-4784-ba36-0badd0c92124: failed to insert pending batch audit log: pq: invalid input syntax for type uuid: "unknown"
2026/08/15 09:51:59 AuditWorker: Error inserting event 5d804547-0299-4d43-a3e1-f8c4b7298710: failed to insert pending batch audit log: pq: invalid input syntax for type uuid: "unknown"
2026/08/15 09:51:59 AuditWorker: Error inserting event a8e27536-31bb-4330-91df-f4570ae02c8f: failed to insert pending batch audit log: pq: invalid input syntax for type uuid: "unknown"
2026/08/15 09:51:59 AuditWorker: Error inserting event 551fa9e4-08d0-4911-a52c-d321a6d652b9: failed to insert pending batch audit log: pq: invalid input syntax for type uuid: "unknown"
2026/08/15 09:51:59 AuditWorker: Error inserting event d88d3a04-1d36-44d8-9f9f-72441b1007cb: failed to insert pending batch audit log: pq: invalid input syntax for type uuid: "unknown"
2026/08/15 09:51:59 AuditWorker: Error inserting event 8a3cd69c-c222-4fae-8d43-f8b448ec8694: failed to insert pending batch audit log: pq: invalid input syntax for type uuid: ""
2026/08/15 09:51:59 AuditWorker: Error inserting event 613660cc-ff8a-4c62-b555-a14a5b68bedb: failed to insert pending batch audit log: pq: invalid input syntax for type uuid: ""
2026/08/15 09:51:59 AuditWorker: Error inserting event 5c0b9de6-8bfc-4a84-9aef-b269216e906e: failed to insert pending batch audit log: pq: invalid input syntax for type uuid: ""
2026/08/15 09:51:59 AuditWorker: Error inserting event c7d96929-338a-4a4c-8d18-a8d9ed5a427a: failed to insert pending batch audit log: pq: invalid input syntax for type uuid: ""
2026/08/15 09:51:59 AuditWorker: Error inserting event a22b110f-7c3d-4f57-bcfe-721aa0a7c23a: failed to insert pending batch audit log: pq: invalid input syntax for type uuid: ""
2026/08/15 09:51:59 AuditWorker: Error inserting event 0f951c6a-d368-48e8-bb33-961e4a51e3b2: failed to insert pending batch audit log: pq: invalid input syntax for type uuid: ""
2026/08/15 09:51:59 AuditWorker: Error inserting event b6c443a8-6482-45bd-888f-6a1a61bb69d1: failed to insert pending batch audit log: pq: invalid input syntax for type uuid: ""
2026/08/15 09:51:59 AuditWorker: Error inserting event 77e1e398-2285-4b09-90b7-e7e8b15ce563: failed to insert pending batch audit log: pq: invalid input syntax for type uuid: ""
2026/08/15 09:51:59 AuditWorker: Error inserting event 2497c5e5-6c55-4c15-8e43-eb95236872f9: failed to insert pending batch audit log: pq: invalid input syntax for type uuid: "unknown"
2026/08/15 09:51:59 AuditWorker: Error inserting event d41d3d1b-30da-4f24-b58d-18105c2f4165: failed to insert pending batch audit log: pq: invalid input syntax for type uuid: ""
2026/08/15 09:51:59 AuditWorker: Error inserting event 8e51337f-d1e4-4f3f-8701-e78dde7441d7: failed to insert pending batch audit log: pq: invalid input syntax for type uuid: ""
2026/08/15 09:51:59 AuditWorker: Error inserting event 49327a63-8e46-4488-8cb6-e4667e51414f: failed to insert pending batch audit log: pq: invalid input syntax for type uuid: "unknown"
2026/08/15 09:51:59 AuditWorker: Error inserting event 3fae9265-a26d-4485-90c8-4d59bc25588c: failed to insert pending batch audit log: pq: invalid input syntax for type uuid: "unknown"
2026/08/15 09:51:59 AuditWorker: Error inserting event 94db57aa-8e53-4985-bbfc-7abbffbd9594: failed to insert pending batch audit log: pq: invalid input syntax for type uuid: ""
2026/08/15 09:51:59 AuditWorker: Error inserting event 29ac45da-3148-41f8-a027-bd065aa41e72: failed to insert pending batch audit log: pq: invalid input syntax for type uuid: "unknown"
2026/08/15 09:51:59 AuditWorker: Error inserting event 03564239-f7f2-44cd-a8a7-f4c7a7d8f232: failed to insert pending batch audit log: pq: invalid input syntax for type uuid: ""
2026/08/15 09:51:59 AuditWorker: Error inserting event 4b122fde-8568-4c6f-b7f2-c08a93932c50: failed to insert pending batch audit log: pq: invalid input syntax for type uuid: ""
2026/08/15 09:51:59 AuditWorker: Error inserting event 2373dae0-f271-49e6-ad1c-ce534e43fd5a: failed to insert pending batch audit log: pq: invalid input syntax for type uuid: "unknown"
2026/08/15 09:51:59 AuditWorker: Error inserting event 5998d9f4-5a73-4722-b980-01ceca38d9e8: failed to insert pending batch audit log: pq: invalid input syntax for type uuid: "unknown"
2026/08/15 09:51:59 AuditWorker: Error inserting event 6a7baeba-a8d4-40e1-a713-9a51c3bb06fb: failed to insert pending batch audit log: pq: invalid input syntax for type uuid: ""
2026/08/15 09:51:59 AuditWorker: Error inserting event 7e556aad-6b25-4d03-9425-b399e87a2189: failed to insert pending batch audit log: pq: invalid input syntax for type uuid: "unknown"
2026/08/15 09:51:59 AuditWorker: Error inserting event efe5c97c-b084-468e-8ac0-62e8e83beb0e: failed to insert pending batch audit log: pq: invalid input syntax for type uuid: ""
2026/08/15 09:51:59 AuditWorker: Error inserting event 768abb7b-2cd5-4dd4-a886-3d2e9dd2df32: failed to insert pending batch audit log: pq: invalid input syntax for type uuid: "unknown"
2026/08/15 09:51:59 AuditWorker: Error inserting event 76e04477-4eef-40a2-a81e-113fa6104ab9: failed to insert pending batch audit log: pq: invalid input syntax for type uuid: "unknown"
2026/08/15 09:51:59 AuditWorker: Error inserting event 097633ec-594f-4b05-8aca-ed0adfacf3d6: failed to insert pending batch audit log: pq: invalid input syntax for type uuid: "unknown"
2026/08/15 09:51:59 AuditWorker: Error inserting event 874182b2-5424-4eb1-81aa-d40f8a3df5ac: failed to insert pending batch audit log: pq: invalid input syntax for type uuid: "unknown"
2026/08/15 09:51:59 AuditWorker: Error inserting event d0dd192f-e1ce-4784-ba36-0badd0c92124: failed to insert pending batch audit log: pq: invalid input syntax for type uuid: "unknown"
2026/08/15 09:51:59 AuditWorker: Error inserting event 5d804547-0299-4d43-a3e1-f8c4b7298710: failed to insert pending batch audit log: pq: invalid input syntax for type uuid: "unknown"
2026/08/15 09:51:59 AuditWorker: Error inserting event a8e27536-31bb-4330-91df-f4570ae02c8f: failed to insert pending batch audit log: pq: invalid input syntax for type uuid: "unknown"
2026/08/15 09:51:59 AuditWorker: Error inserting event 551fa9e4-08d0-4911-a52c-d321a6d652b9: failed to insert pending batch audit log: pq: invalid input syntax for type uuid: "unknown"
2026/08/15 09:51:59 AuditWorker: Error inserting event d88d3a04-1d36-44d8-9f9f-72441b1007cb: failed to insert pending batch audit log: pq: invalid input syntax for type uuid: "unknown"
2026/08/15 09:51:59 AuditWorker: Error inserting event 8a3cd69c-c222-4fae-8d43-f8b448ec8694: failed to insert pending batch audit log: pq: invalid input syntax for type uuid: ""
2026/08/15 09:51:59 AuditWorker: Error inserting event 613660cc-ff8a-4c62-b555-a14a5b68bedb: failed to insert pending batch audit log: pq: invalid input syntax for type uuid: ""
2026/08/15 09:51:59 AuditWorker: Error inserting event 5c0b9de6-8bfc-4a84-9aef-b269216e906e: failed to insert pending batch audit log: pq: invalid input syntax for type uuid: ""
2026/08/15 09:51:59 AuditWorker: Error inserting event c7d96929-338a-4a4c-8d18-a8d9ed5a427a: failed to insert pending batch audit log: pq: invalid input syntax for type uuid: ""
2026/08/15 09:51:59 AuditWorker: Error inserting event a22b110f-7c3d-4f57-bcfe-721aa0a7c23a: failed to insert pending batch audit log: pq: invalid input syntax for type uuid: ""
2026/08/15 09:51:59 AuditWorker: Error inserting event 0f951c6a-d368-48e8-bb33-961e4a51e3b2: failed to insert pending batch audit log: pq: invalid input syntax for type uuid: ""
2026/08/15 09:51:59 AuditWorker: Error inserting event b6c443a8-6482-45bd-888f-6a1a61bb69d1: failed to insert pending batch audit log: pq: invalid input syntax for type uuid: ""
2026/08/15 09:51:59 AuditWorker: Error inserting event 77e1e398-2285-4b09-90b7-e7e8b15ce563: failed to insert pending batch audit log: pq: invalid input syntax for type uuid: ""
2026/08/15 09:51:59 AuditWorker: Error inserting event 2497c5e5-6c55-4c15-8e43-eb95236872f9: failed to insert pending batch audit log: pq: invalid input syntax for type uuid: "unknown"
2026/08/15 09:51:59 AuditWorker: Error inserting event d41d3d1b-30da-4f24-b58d-18105c2f4165: failed to insert pending batch audit log: pq: invalid input syntax for type uuid: ""
2026/08/15 09:51:59 AuditWorker: Error inserting event 8e51337f-d1e4-4f3f-8701-e78dde7441d7: failed to insert pending batch audit log: pq: invalid input syntax for type uuid: ""
2026/08/15 09:51:59 AuditWorker: Error inserting event 49327a63-8e46-4488-8cb6-e4667e51414f: failed to insert pending batch audit log: pq: invalid input syntax for type uuid: "unknown"
2026/08/15 09:51:59 AuditWorker: Error inserting event 3fae9265-a26d-4485-90c8-4d59bc25588c: failed to insert pending batch audit log: pq: invalid input syntax for type uuid: "unknown"
2026/08/15 09:51:59 AuditWorker: Error inserting event 94db57aa-8e53-4985-bbfc-7abbffbd9594: failed to insert pending batch audit log: pq: invalid input syntax for type uuid: ""
2026/08/15 09:51:59 AuditWorker: Error inserting event 29ac45da-3148-41f8-a027-bd065aa41e72: failed to insert pending batch audit log: pq: invalid input syntax for type uuid: "unknown"
2026/08/15 09:51:59 AuditWorker: Error inserting event 03564239-f7f2-44cd-a8a7-f4c7a7d8f232: failed to insert pending batch audit log: pq: invalid input syntax for type uuid: ""
2026/08/15 09:51:59 AuditWorker: Error inserting event 4b122fde-8568-4c6f-b7f2-c08a93932c50: failed to insert pending batch audit log: pq: invalid input syntax for type uuid: ""
2026/08/15 09:51:59 AuditWorker: Error inserting event 2373dae0-f271-49e6-ad1c-ce534e43fd5a: failed to insert pending batch audit log: pq: invalid input syntax for type uuid: "unknown"
2026/08/15 09:51:59 AuditWorker: Error inserting event 5998d9f4-5a73-4722-b980-01ceca38d9e8: failed to insert pending batch audit log: pq: invalid input syntax for type uuid: "unknown"
2026/08/15 09:51:59 AuditWorker: Error inserting event 6a7baeba-a8d4-40e1-a713-9a51c3bb06fb: failed to insert pending batch audit log: pq: invalid input syntax for type uuid: ""
2026/08/15 09:51:59 AuditWorker: Error inserting event 7e556aad-6b25-4d03-9425-b399e87a2189: failed to insert pending batch audit log: pq: invalid input syntax for type uuid: "unknown"
2026/08/15 09:51:59 AuditWorker: Error inserting event efe5c97c-b084-468e-8ac0-62e8e83beb0e: failed to insert pending batch audit log: pq: invalid input syntax for type uuid: ""
2026/08/15 09:51:59 AuditWorker: Error inserting event 768abb7b-2cd5-4dd4-a886-3d2e9dd2df32: failed to insert pending batch audit log: pq: invalid input syntax for type uuid: "unknown"
2026/08/15 09:51:59 AuditWorker: Error inserting event 76e04477-4eef-40a2-a81e-113fa6104ab9: failed to insert pending batch audit log: pq: invalid input syntax for type uuid: "unknown"
2026/08/15 09:51:59 AuditWorker: Error inserting event 097633ec-594f-4b05-8aca-ed0adfacf3d6: failed to insert pending batch audit log: pq: invalid input syntax for type uuid: "unknown"
2026/08/15 09:51:59 AuditWorker: Error inserting event 874182b2-5424-4eb1-81aa-d40f8a3df5ac: failed to insert pending batch audit log: pq: invalid input syntax for type uuid: "unknown"
2026/08/15 09:51:59 AuditWorker: Error inserting event d0dd192f-e1ce-4784-ba36-0badd0c92124: failed to insert pending batch audit log: pq: invalid input syntax for type uuid: "unknown"
2026/08/15 09:51:59 AuditWorker: Error inserting event 5d804547-0299-4d43-a3e1-f8c4b7298710: failed to insert pending batch audit log: pq: invalid input syntax for type uuid: "unknown"
2026/08/15 09:51:59 AuditWorker: Error inserting event a8e27536-31bb-4330-91df-f4570ae02c8f: failed to insert pending batch audit log: pq: invalid input syntax for type uuid: "unknown"
2026/08/15 09:51:59 AuditWorker: Error inserting event 551fa9e4-08d0-4911-a52c-d321a6d652b9: failed to insert pending batch audit log: pq: invalid input syntax for type uuid: "unknown"
2026/08/15 09:51:59 AuditWorker: Error inserting event d88d3a04-1d36-44d8-9f9f-72441b1007cb: failed to insert pending batch audit log: pq: invalid input syntax for type uuid: "unknown"
2026/08/15 09:51:59 AuditWorker: Error inserting event 8a3cd69c-c222-4fae-8d43-f8b448ec8694: failed to insert pending batch audit log: pq: invalid input syntax for type uuid: ""
2026/08/15 09:51:59 AuditWorker: Error inserting event 613660cc-ff8a-4c62-b555-a14a5b68bedb: failed to insert pending batch audit log: pq: invalid input syntax for type uuid: ""
2026/08/15 09:51:59 AuditWorker: Error inserting event 5c0b9de6-8bfc-4a84-9aef-b269216e906e: failed to insert pending batch audit log: pq: invalid input syntax for type uuid: ""
2026/08/15 09:51:59 AuditWorker: Error inserting event c7d96929-338a-4a4c-8d18-a8d9ed5a427a: failed to insert pending batch audit log: pq: invalid input syntax for type uuid: ""
2026/08/15 09:51:59 AuditWorker: Error inserting event a22b110f-7c3d-4f57-bcfe-721aa0a7c23a: failed to insert pending batch audit log: pq: invalid input syntax for type uuid: ""
2026/08/15 09:51:59 AuditWorker: Error inserting event 0f951c6a-d368-48e8-bb33-961e4a51e3b2: failed to insert pending batch audit log: pq: invalid input syntax for type uuid: ""
2026/08/15 09:51:59 AuditWorker: Error inserting event b6c443a8-6482-45bd-888f-6a1a61bb69d1: failed to insert pending batch audit log: pq: invalid input syntax for type uuid: ""
2026/08/15 09:51:59 AuditWorker: Error inserting event 77e1e398-2285-4b09-90b7-e7e8b15ce563: failed to insert pending batch audit log: pq: invalid input syntax for type uuid: ""
2026/08/15 09:51:59 AuditWorker: Error inserting event 2497c5e5-6c55-4c15-8e43-eb95236872f9: failed to insert pending batch audit log: pq: invalid input syntax for type uuid: "unknown"
2026/08/15 09:51:59 AuditWorker: Error inserting event d41d3d1b-30da-4f24-b58d-18105c2f4165: failed to insert pending batch audit log: pq: invalid input syntax for type uuid: ""
2026/08/15 09:51:59 AuditWorker: Error inserting event 8e51337f-d1e4-4f3f-8701-e78dde7441d7: failed to insert pending batch audit log: pq: invalid input syntax for type uuid: ""
2026/08/15 09:51:59 AuditWorker: Error inserting event 49327a63-8e46-4488-8cb6-e4667e51414f: failed to insert pending batch audit log: pq: invalid input syntax for type uuid: "unknown"
2026/08/15 09:51:59 AuditWorker: Error inserting event 3fae9265-a26d-4485-90c8-4d59bc25588c: failed to insert pending batch audit log: pq: invalid input syntax for type uuid: "unknown"
2026/08/15 09:51:59 AuditWorker: Error inserting event 94db57aa-8e53-4985-bbfc-7abbffbd9594: failed to insert pending batch audit log: pq: invalid input syntax for type uuid: ""
2026/08/15 09:51:59 AuditWorker: Error inserting event 29ac45da-3148-41f8-a027-bd065aa41e72: failed to insert pending batch audit log: pq: invalid input syntax for type uuid: "unknown"
2026/08/15 09:51:59 AuditWorker: Error inserting event 03564239-f7f2-44cd-a8a7-f4c7a7d8f232: failed to insert pending batch audit log: pq: invalid input syntax for type uuid: ""
2026/08/15 09:51:59 AuditWorker: Error inserting event 4b122fde-8568-4c6f-b7f2-c08a93932c50: failed to insert pending batch audit log: pq: invalid input syntax for type uuid: ""
2026/08/15 09:51:59 AuditWorker: Error inserting event 2373dae0-f271-49e6-ad1c-ce534e43fd5a: failed to insert pending batch audit log: pq: invalid input syntax for type uuid: "unknown"
2026/08/15 09:51:59 AuditWorker: Error inserting event 5998d9f4-5a73-4722-b980-01ceca38d9e8: failed to insert pending batch audit log: pq: invalid input syntax for type uuid: "unknown"
2026/08/15 09:51:59 AuditWorker: Error inserting event 6a7baeba-a8d4-40e1-a713-9a51c3bb06fb: failed to insert pending batch audit log: pq: invalid input syntax for type uuid: ""
2026/08/15 09:51:59 AuditWorker: Error inserting event 7e556aad-6b25-4d03-9425-b399e87a2189: failed to insert pending batch audit log: pq: invalid input syntax for type uuid: "unknown"
2026/08/15 09:51:59 AuditWorker: Error inserting event efe5c97c-b084-468e-8ac0-62e8e83beb0e: failed to insert pending batch audit log: pq: invalid input syntax for type uuid: ""
2026/08/15 09:51:59 AuditWorker: Error inserting event 768abb7b-2cd5-4dd4-a886-3d2e9dd2df32: failed to insert pending batch audit log: pq: invalid input syntax for type uuid: "unknown"
2026/08/15 09:51:59 AuditWorker: Error inserting event 76e04477-4eef-40a2-a81e-113fa6104ab9: failed to insert pending batch audit log: pq: invalid input syntax for type uuid: "unknown"
2026/08/15 09:51:59 AuditWorker: Error inserting event 097633ec-594f-4b05-8aca-ed0adfacf3d6: failed to insert pending batch audit log: pq: invalid input syntax for type uuid: "unknown"
2026/08/15 09:51:59 AuditWorker: Error inserting event 874182b2-5424-4eb1-81aa-d40f8a3df5ac: failed to insert pending batch audit log: pq: invalid input syntax for type uuid: "unknown"
2026/08/15 09:51:59 AuditWorker: Error inserting event d0dd192f-e1ce-4784-ba36-0badd0c92124: failed to insert pending batch audit log: pq: invalid input syntax for type uuid: "unknown"
2026/08/15 09:51:59 AuditWorker: Error inserting event 5d804547-0299-4d43-a3e1-f8c4b7298710: failed to insert pending batch audit log: pq: invalid input syntax for type uuid: "unknown"
2026/08/15 09:51:59 AuditWorker: Error inserting event a8e27536-31bb-4330-91df-f4570ae02c8f: failed to insert pending batch audit log: pq: invalid input syntax for type uuid: "unknown"
2026/08/15 09:51:59 AuditWorker: Error inserting event 551fa9e4-08d0-4911-a52c-d321a6d652b9: failed to insert pending batch audit log: pq: invalid input syntax for type uuid: "unknown"
2026/08/15 09:51:59 AuditWorker: Error inserting event d88d3a04-1d36-44d8-9f9f-72441b1007cb: failed to insert pending batch audit log: pq: invalid input syntax for type uuid: "unknown"
2026/08/15 09:51:59 AuditWorker: Error inserting event 8a3cd69c-c222-4fae-8d43-f8b448ec8694: failed to insert pending batch audit log: pq: invalid input syntax for type uuid: ""
2026/08/15 09:51:59 AuditWorker: Error inserting event 613660cc-ff8a-4c62-b555-a14a5b68bedb: failed to insert pending batch audit log: pq: invalid input syntax for type uuid: ""
2026/08/15 09:51:59 AuditWorker: Error inserting event 5c0b9de6-8bfc-4a84-9aef-b269216e906e: failed to insert pending batch audit log: pq: invalid input syntax for type uuid: ""
2026/08/15 09:51:59 AuditWorker: Error inserting event c7d96929-338a-4a4c-8d18-a8d9ed5a427a: failed to insert pending batch audit log: pq: invalid input syntax for type uuid: ""
2026/08/15 09:51:59 AuditWorker: Error inserting event a22b110f-7c3d-4f57-bcfe-721aa0a7c23a: failed to insert pending batch audit log: pq: invalid input syntax for type uuid: ""
2026/08/15 09:51:59 AuditWorker: Error inserting event 0f951c6a-d368-48e8-bb33-961e4a51e3b2: failed to insert pending batch audit log: pq: invalid input syntax for type uuid: ""
2026/08/15 09:51:59 AuditWorker: Error inserting event b6c443a8-6482-45bd-888f-6a1a61bb69d1: failed to insert pending batch audit log: pq: invalid input syntax for type uuid: ""
2026/08/15 09:51:59 AuditWorker: Error inserting event 77e1e398-2285-4b09-90b7-e7e8b15ce563: failed to insert pending batch audit log: pq: invalid input syntax for type uuid: ""
2026/08/15 09:51:59 AuditWorker: Error inserting event 2497c5e5-6c55-4c15-8e43-eb95236872f9: failed to insert pending batch audit log: pq: invalid input syntax for type uuid: "unknown"
2026/08/15 09:51:59 AuditWorker: Error inserting event d41d3d1b-30da-4f24-b58d-18105c2f4165: failed to insert pending batch audit log: pq: invalid input syntax for type uuid: ""
2026/08/15 09:51:59 AuditWorker: Error inserting event 8e51337f-d1e4-4f3f-8701-e78dde7441d7: failed to insert pending batch audit log: pq: invalid input syntax for type uuid: ""
2026/08/15 09:51:59 AuditWorker: Error inserting event 49327a63-8e46-4488-8cb6-e4667e51414f: failed to insert pending batch audit log: pq: invalid input syntax for type uuid: "unknown"
2026/08/15 09:51:59 AuditWorker: Error inserting event 3fae9265-a26d-4485-90c8-4d59bc25588c: failed to insert pending batch audit log: pq: invalid input syntax for type uuid: "unknown"
2026/08/15 09:51:59 AuditWorker: Error inserting event 94db57aa-8e53-4985-bbfc-7abbffbd9594: failed to insert pending batch audit log: pq: invalid input syntax for type uuid: ""
2026/08/15 09:51:59 AuditWorker: Error inserting event 29ac45da-3148-41f8-a027-bd065aa41e72: failed to insert pending batch audit log: pq: invalid input syntax for type uuid: "unknown"
2026/08/15 09:51:59 AuditWorker: Error inserting event 03564239-f7f2-44cd-a8a7-f4c7a7d8f232: failed to insert pending batch audit log: pq: invalid input syntax for type uuid: ""
2026/08/15 09:51:59 AuditWorker: Error inserting event 4b122fde-8568-4c6f-b7f2-c08a93932c50: failed to insert pending batch audit log: pq: invalid input syntax for type uuid: ""
2026/08/15 09:51:59 AuditWorker: Error inserting event 2373dae0-f271-49e6-ad1c-ce534e43fd5a: failed to insert pending batch audit log: pq: invalid input syntax for type uuid: "unknown"
2026/08/15 09:51:59 AuditWorker: Error inserting event 5998d9f4-5a73-4722-b980-01ceca38d9e8: failed to insert pending batch audit log: pq: invalid input syntax for type uuid: "unknown"
2026/08/15 09:51:59 AuditWorker: Error inserting event 6a7baeba-a8d4-40e1-a713-9a51c3bb06fb: failed to insert pending batch audit log: pq: invalid input syntax for type uuid: ""
2026/08/15 09:51:59 AuditWorker: Error inserting event 7e556aad-6b25-4d03-9425-b399e87a2189: failed to insert pending batch audit log: pq: invalid input syntax for type uuid: "unknown"
2026/08/15 09:51:59 AuditWorker: Error inserting event efe5c97c-b084-468e-8ac0-62e8e83beb0e: failed to insert pending batch audit log: pq: invalid input syntax for type uuid: ""
2026/08/15 09:51:59 AuditWorker: Error inserting event 768abb7b-2cd5-4dd4-a886-3d2e9dd2df32: failed to insert pending batch audit log: pq: invalid input syntax for type uuid: "unknown"
2026/08/15 09:51:59 AuditWorker: Error inserting event 76e04477-4eef-40a2-a81e-113fa6104ab9: failed to insert pending batch audit log: pq: invalid input syntax for type uuid: "unknown"
2026/08/15 09:51:59 AuditWorker: Error inserting event 097633ec-594f-4b05-8aca-ed0adfacf3d6: failed to insert pending batch audit log: pq: invalid input syntax for type uuid: "unknown"
2026/08/15 09:51:59 AuditWorker: Error inserting event 874182b2-5424-4eb1-81aa-d40f8a3df5ac: failed to insert pending batch audit log: pq: invalid input syntax for type uuid: "unknown"
2026/08/15 09:51:59 AuditWorker: Error inserting event d0dd192f-e1ce-4784-ba36-0badd0c92124: failed to insert pending batch audit log: pq: invalid input syntax for type uuid: "unknown"
2026/08/15 09:51:59 AuditWorker: Error inserting event 5d804547-0299-4d43-a3e1-f8c4b7298710: failed to insert pending batch audit log: pq: invalid input syntax for type uuid: "unknown"
2026/08/15 09:51:59 AuditWorker: Error inserting event a8e27536-31bb-4330-91df-f4570ae02c8f: failed to insert pending batch audit log: pq: invalid input syntax for type uuid: "unknown"
2026/08/15 09:51:59 AuditWorker: Error inserting event 551fa9e4-08d0-4911-a52c-d321a6d652b9: failed to insert pending batch audit log: pq: invalid input syntax for type uuid: "unknown"
2026/08/15 09:51:59 AuditWorker: Error inserting event d88d3a04-1d36-44d8-9f9f-72441b1007cb: failed to insert pending batch audit log: pq: invalid input syntax for type uuid: "unknown"
2026/08/15 09:51:59 AuditWorker: Error inserting event 8a3cd69c-c222-4fae-8d43-f8b448ec8694: failed to insert pending batch audit log: pq: invalid input syntax for type uuid: ""
2026/08/15 09:51:59 AuditWorker: Error inserting event 613660cc-ff8a-4c62-b555-a14a5b68bedb: failed to insert pending batch audit log: pq: invalid input syntax for type uuid: ""
2026/08/15 09:51:59 AuditWorker: Error inserting event 5c0b9de6-8bfc-4a84-9aef-b269216e906e: failed to insert pending batch audit log: pq: invalid input syntax for type uuid: ""
2026/08/15 09:51:59 AuditWorker: Error inserting event c7d96929-338a-4a4c-8d18-a8d9ed5a427a: failed to insert pending batch audit log: pq: invalid input syntax for type uuid: ""
2026/08/15 09:51:59 AuditWorker: Error inserting event a22b110f-7c3d-4f57-bcfe-721aa0a7c23a: failed to insert pending batch audit log: pq: invalid input syntax for type uuid: ""
2026/08/15 09:51:59 AuditWorker: Error inserting event 0f951c6a-d368-48e8-bb33-961e4a51e3b2: failed to insert pending batch audit log: pq: invalid input syntax for type uuid: ""
2026/08/15 09:51:59 AuditWorker: Error inserting event b6c443a8-6482-45bd-888f-6a1a61bb69d1: failed to insert pending batch audit log: pq: invalid input syntax for type uuid: ""
2026/08/15 09:51:59 AuditWorker: Error inserting event 77e1e398-2285-4b09-90b7-e7e8b15ce563: failed to insert pending batch audit log: pq: invalid input syntax for type uuid: ""
2026/08/15 09:51:59 AuditWorker: Error inserting event 2497c5e5-6c55-4c15-8e43-eb95236872f9: failed to insert pending batch audit log: pq: invalid input syntax for type uuid: "unknown"
2026/08/15 09:51:59 AuditWorker: Error inserting event d41d3d1b-30da-4f24-b58d-18105c2f4165: failed to insert pending batch audit log: pq: invalid input syntax for type uuid: ""
2026/08/15 09:51:59 AuditWorker: Error inserting event 8e51337f-d1e4-4f3f-8701-e78dde7441d7: failed to insert pending batch audit log: pq: invalid input syntax for type uuid: ""
2026/08/15 09:51:59 AuditWorker: Error inserting event 49327a63-8e46-4488-8cb6-e4667e51414f: failed to insert pending batch audit log: pq: invalid input syntax for type uuid: "unknown"
2026/08/15 09:51:59 AuditWorker: Error inserting event 3fae9265-a26d-4485-90c8-4d59bc25588c: failed to insert pending batch audit log: pq: invalid input syntax for type uuid: "unknown"
2026/08/15 09:51:59 AuditWorker: Error inserting event 94db57aa-8e53-4985-bbfc-7abbffbd9594: failed to insert pending batch audit log: pq: invalid input syntax for type uuid: ""
2026/08/15 09:51:59 AuditWorker: Error inserting event 29ac45da-3148-41f8-a027-bd065aa41e72: failed to insert pending batch audit log: pq: invalid input syntax for type uuid: "unknown"
2026/08/15 09:51:59 AuditWorker: Error inserting event 03564239-f7f2-44cd-a8a7-f4c7a7d8f232: failed to insert pending batch audit log: pq: invalid input syntax for type uuid: ""
2026/08/15 09:51:59 AuditWorker: Error inserting event 4b122fde-8568-4c6f-b7f2-c08a93932c50: failed to insert pending batch audit log: pq: invalid input syntax for type uuid: ""
2026/08/15 09:51:59 AuditWorker: Error inserting event 2373dae0-f271-49e6-ad1c-ce534e43fd5a: failed to insert pending batch audit log: pq: invalid input syntax for type uuid: "unknown"
2026/08/15 09:51:59 AuditWorker: Error inserting event 5998d9f4-5a73-4722-b980-01ceca38d9e8: failed to insert pending batch audit log: pq: invalid input syntax for type uuid: "unknown"
2026/08/15 09:51:59 AuditWorker: Error inserting event 6a7baeba-a8d4-40e1-a713-9a51c3bb06fb: failed to insert pending batch audit log: pq: invalid input syntax for type uuid: ""
2026/08/15 09:51:59 AuditWorker: Error inserting event 7e556aad-6b25-4d03-9425-b399e87a2189: failed to insert pending batch audit log: pq: invalid input syntax for type uuid: "unknown"
2026/08/15 09:51:59 AuditWorker: Error inserting event efe5c97c-b084-468e-8ac0-62e8e83beb0e: failed to insert pending batch audit log: pq: invalid input syntax for type uuid: ""
2026/08/15 09:51:59 AuditWorker: Error inserting event 768abb7b-2cd5-4dd4-a886-3d2e9dd2df32: failed to insert pending batch audit log: pq: invalid input syntax for type uuid: "unknown"
2026/08/15 09:51:59 AuditWorker: Error inserting event 76e04477-4eef-40a2-a81e-113fa6104ab9: failed to insert pending batch audit log: pq: invalid input syntax for type uuid: "unknown"
2026/08/15 09:51:59 AuditWorker: Error inserting event 097633ec-594f-4b05-8aca-ed0adfacf3d6: failed to insert pending batch audit log: pq: invalid input syntax for type uuid: "unknown"
2026/08/15 09:51:59 AuditWorker: Error inserting event 874182b2-5424-4eb1-81aa-d40f8a3df5ac: failed to insert pending batch audit log: pq: invalid input syntax for type uuid: "unknown"
2026/08/15 09:51:59 AuditWorker: Error inserting event d0dd192f-e1ce-4784-ba36-0badd0c92124: failed to insert pending batch audit log: pq: invalid input syntax for type uuid: "unknown"
2026/08/15 09:51:59 AuditWorker: Error inserting event 5d804547-0299-4d43-a3e1-f8c4b7298710: failed to insert pending batch audit log: pq: invalid input syntax for type uuid: "unknown"
2026/08/15 09:51:59 AuditWorker: Error inserting event a8e27536-31bb-4330-91df-f4570ae02c8f: failed to insert pending batch audit log: pq: invalid input syntax for type uuid: "unknown"
2026/08/15 09:51:59 AuditWorker: Error inserting event 551fa9e4-08d0-4911-a52c-d321a6d652b9: failed to insert pending batch audit log: pq: invalid input syntax for type uuid: "unknown"
2026/08/15 09:51:59 AuditWorker: Error inserting event d88d3a04-1d36-44d8-9f9f-72441b1007cb: failed to insert pending batch audit log: pq: invalid input syntax for type uuid: "unknown"
2026/08/15 09:51:59 AuditWorker: Error inserting event 8a3cd69c-c222-4fae-8d43-f8b448ec8694: failed to insert pending batch audit log: pq: invalid input syntax for type uuid: ""
2026/08/15 09:51:59 AuditWorker: Error inserting event 613660cc-ff8a-4c62-b555-a14a5b68bedb: failed to insert pending batch audit log: pq: invalid input syntax for type uuid: ""
2026/08/15 09:51:59 AuditWorker: Error inserting event 5c0b9de6-8bfc-4a84-9aef-b269216e906e: failed to insert pending batch audit log: pq: invalid input syntax for type uuid: ""
2026/08/15 09:51:59 AuditWorker: Error inserting event c7d96929-338a-4a4c-8d18-a8d9ed5a427a: failed to insert pending batch audit log: pq: invalid input syntax for type uuid: ""
2026/08/15 09:51:59 AuditWorker: Error inserting event a22b110f-7c3d-4f57-bcfe-721aa0a7c23a: failed to insert pending batch audit log: pq: invalid input syntax for type uuid: ""
2026/08/15 09:51:59 AuditWorker: Error inserting event 0f951c6a-d368-48e8-bb33-961e4a51e3b2: failed to insert pending batch audit log: pq: invalid input syntax for type uuid: ""
2026/08/15 09:51:59 AuditWorker: Error inserting event b6c443a8-6482-45bd-888f-6a1a61bb69d1: failed to insert pending batch audit log: pq: invalid input syntax for type uuid: ""
2026/08/15 09:51:59 AuditWorker: Error inserting event 77e1e398-2285-4b09-90b7-e7e8b15ce563: failed to insert pending batch audit log: pq: invalid input syntax for type uuid: ""
2026/08/15 09:51:59 AuditWorker: Error inserting event 2497c5e5-6c55-4c15-8e43-eb95236872f9: failed to insert pending batch audit log: pq: invalid input syntax for type uuid: "unknown"
2026/08/15 09:51:59 AuditWorker: Error inserting event d41d3d1b-30da-4f24-b58d-18105c2f4165: failed to insert pending batch audit log: pq: invalid input syntax for type uuid: ""
2026/08/15 09:51:59 AuditWorker: Error inserting event 8e51337f-d1e4-4f3f-8701-e78dde7441d7: failed to insert pending batch audit log: pq: invalid input syntax for type uuid: ""
2026/08/15 09:51:59 AuditWorker: Error inserting event 49327a63-8e46-4488-8cb6-e4667e51414f: failed to insert pending batch audit log: pq: invalid input syntax for type uuid: "unknown"
2026/08/15 09:51:59 AuditWorker: Error inserting event 3fae9265-a26d-4485-90c8-4d59bc25588c: failed to insert pending batch audit log: pq: invalid input syntax for type uuid: "unknown"
2026/08/15 09:51:59 AuditWorker: Error inserting event 94db57aa-8e53-4985-bbfc-7abbffbd9594: failed to insert pending batch audit log: pq: invalid input syntax for type uuid: ""
2026/08/15 09:51:59 AuditWorker: Error inserting event 29ac45da-3148-41f8-a027-bd065aa41e72: failed to insert pending batch audit log: pq: invalid input syntax for type uuid: "unknown"
2026/08/15 09:51:59 AuditWorker: Error inserting event 03564239-f7f2-44cd-a8a7-f4c7a7d8f232: failed to insert pending batch audit log: pq: invalid input syntax for type uuid: ""
2026/08/15 09:51:59 AuditWorker: Error inserting event 4b122fde-8568-4c6f-b7f2-c08a93932c50: failed to insert pending batch audit log: pq: invalid input syntax for type uuid: ""
2026/08/15 09:51:59 AuditWorker: Error inserting event 2373dae0-f271-49e6-ad1c-ce534e43fd5a: failed to insert pending batch audit log: pq: invalid input syntax for type uuid: "unknown"
2026/08/15 09:51:59 AuditWorker: Error inserting event 5998d9f4-5a73-4722-b980-01ceca38d9e8: failed to insert pending batch audit log: pq: invalid input syntax for type uuid: "unknown"
2026/08/15 09:51:59 AuditWorker: Error inserting event 6a7baeba-a8d4-40e1-a713-9a51c3bb06fb: failed to insert pending batch audit log: pq: invalid input syntax for type uuid: ""
2026/08/15 09:51:59 AuditWorker: Error inserting event 7e556aad-6b25-4d03-9425-b399e87a2189: failed to insert pending batch audit log: pq: invalid input syntax for type uuid: "unknown"
2026/08/15 09:51:59 AuditWorker: Error inserting event efe5c97c-b084-468e-8ac0-62e8e83beb0e: failed to insert pending batch audit log: pq: invalid input syntax for type uuid: ""
2026/08/15 09:51:59 AuditWorker: Error inserting event 768abb7b-2cd5-4dd4-a886-3d2e9dd2df32: failed to insert pending batch audit log: pq: invalid input syntax for type uuid: "unknown"
2026/08/15 09:51:59 AuditWorker: Error inserting event 76e04477-4eef-40a2-a81e-113fa6104ab9: failed to insert pending batch audit log: pq: invalid input syntax for type uuid: "unknown"
2026/08/15 09:51:59 AuditWorker: Error inserting event 097633ec-594f-4b05-8aca-ed0adfacf3d6: failed to insert pending batch audit log: pq: invalid input syntax for type uuid: "unknown"
2026/08/15 09:51:59 AuditWorker: Error inserting event 874182b2-5424-4eb1-81aa-d40f8a3df5ac: failed to insert pending batch audit log: pq: invalid input syntax for type uuid: "unknown"
2026/08/15 09:51:59 AuditWorker: Error inserting event d0dd192f-e1ce-4784-ba36-0badd0c92124: failed to insert pending batch audit log: pq: invalid input syntax for type uuid: "unknown"
2026/08/15 09:51:59 AuditWorker: Error inserting event 5d804547-0299-4d43-a3e1-f8c4b7298710: failed to insert pending batch audit log: pq: invalid input syntax for type uuid: "unknown"
2026/08/15 09:51:59 AuditWorker: Error inserting event a8e27536-31bb-4330-91df-f4570ae02c8f: failed to insert pending batch audit log: pq: invalid input syntax for type uuid: "unknown"
2026/08/15 09:51:59 AuditWorker: Error inserting event 551fa9e4-08d0-4911-a52c-d321a6d652b9: failed to insert pending batch audit log: pq: invalid input syntax for type uuid: "unknown"
2026/08/15 09:51:59 AuditWorker: Error inserting event d88d3a04-1d36-44d8-9f9f-72441b1007cb: failed to insert pending batch audit log: pq: invalid input syntax for type uuid: "unknown"
2026/08/15 09:51:59 AuditWorker: Error inserting event 8a3cd69c-c222-4fae-8d43-f8b448ec8694: failed to insert pending batch audit log: pq: invalid input syntax for type uuid: ""
2026/08/15 09:51:59 AuditWorker: Error inserting event 613660cc-ff8a-4c62-b555-a14a5b68bedb: failed to insert pending batch audit log: pq: invalid input syntax for type uuid: ""
2026/08/15 09:51:59 AuditWorker: Error inserting event 5c0b9de6-8bfc-4a84-9aef-b269216e906e: failed to insert pending batch audit log: pq: invalid input syntax for type uuid: ""
2026/08/15 09:51:59 AuditWorker: Error inserting event c7d96929-338a-4a4c-8d18-a8d9ed5a427a: failed to insert pending batch audit log: pq: invalid input syntax for type uuid: ""
2026/08/15 09:51:59 AuditWorker: Error inserting event a22b110f-7c3d-4f57-bcfe-721aa0a7c23a: failed to insert pending batch audit log: pq: invalid input syntax for type uuid: ""
2026/08/15 09:51:59 AuditWorker: Error inserting event 0f951c6a-d368-48e8-bb33-961e4a51e3b2: failed to insert pending batch audit log: pq: invalid input syntax for type uuid: ""
2026/08/15 09:51:59 AuditWorker: Error inserting event b6c443a8-6482-45bd-888f-6a1a61bb69d1: failed to insert pending batch audit log: pq: invalid input syntax for type uuid: ""
2026/08/15 09:51:59 AuditWorker: Error inserting event 77e1e398-2285-4b09-90b7-e7e8b15ce563: failed to insert pending batch audit log: pq: invalid input syntax for type uuid: ""
2026/08/15 09:51:59 AuditWorker: Error inserting event 2497c5e5-6c55-4c15-8e43-eb95236872f9: failed to insert pending batch audit log: pq: invalid input syntax for type uuid: "unknown"
2026/08/15 09:51:59 AuditWorker: Error inserting event d41d3d1b-30da-4f24-b58d-18105c2f4165: failed to insert pending batch audit log: pq: invalid input syntax for type uuid: ""
2026/08/15 09:51:59 AuditWorker: Error inserting event 8e51337f-d1e4-4f3f-8701-e78dde7441d7: failed to insert pending batch audit log: pq: invalid input syntax for type uuid: ""
2026/08/15 09:51:59 AuditWorker: Error inserting event 49327a63-8e46-4488-8cb6-e4667e51414f: failed to insert pending batch audit log: pq: invalid input syntax for type uuid: "unknown"
2026/08/15 09:51:59 AuditWorker: Error inserting event 3fae9265-a26d-4485-90c8-4d59bc25588c: failed to insert pending batch audit log: pq: invalid input syntax for type uuid: "unknown"
2026/08/15 09:51:59 AuditWorker: Error inserting event 94db57aa-8e53-4985-bbfc-7abbffbd9594: failed to insert pending batch audit log: pq: invalid input syntax for type uuid: ""
2026/08/15 09:51:59 AuditWorker: Error inserting event 29ac45da-3148-41f8-a027-bd065aa41e72: failed to insert pending batch audit log: pq: invalid input syntax for type uuid: "unknown"
2026/08/15 09:51:59 AuditWorker: Error inserting event 03564239-f7f2-44cd-a8a7-f4c7a7d8f232: failed to insert pending batch audit log: pq: invalid input syntax for type uuid: ""
2026/08/15 09:51:59 AuditWorker: Error inserting event 4b122fde-8568-4c6f-b7f2-c08a93932c50: failed to insert pending batch audit log: pq: invalid input syntax for type uuid: ""
2026/08/15 09:51:59 AuditWorker: Error inserting event 2373dae0-f271-49e6-ad1c-ce534e43fd5a: failed to insert pending batch audit log: pq: invalid input syntax for type uuid: "unknown"
2026/08/15 09:51:59 AuditWorker: Error inserting event 5998d9f4-5a73-4722-b980-01ceca38d9e8: failed to insert pending batch audit log: pq: invalid input syntax for type uuid: "unknown"
2026/08/15 09:51:59 AuditWorker: Error inserting event 6a7baeba-a8d4-40e1-a713-9a51c3bb06fb: failed to insert pending batch audit log: pq: invalid input syntax for type uuid: ""
2026/08/15 09:51:59 AuditWorker: Error inserting event 7e556aad-6b25-4d03-9425-b399e87a2189: failed to insert pending batch audit log: pq: invalid input syntax for type uuid: "unknown"
2026/08/15 09:51:59 AuditWorker: Error inserting event efe5c97c-b084-468e-8ac0-62e8e83beb0e: failed to insert pending batch audit log: pq: invalid input syntax for type uuid: ""
2026/08/15 09:51:59 AuditWorker: Error inserting event 768abb7b-2cd5-4dd4-a886-3d2e9dd2df32: failed to insert pending batch audit log: pq: invalid input syntax for type uuid: "unknown"
2026/08/15 09:51:59 AuditWorker: Error inserting event 76e04477-4eef-40a2-a81e-113fa6104ab9: failed to insert pending batch audit log: pq: invalid input syntax for type uuid: "unknown"
2026/08/15 09:51:59 AuditWorker: Error inserting event 097633ec-594f-4b05-8aca-ed0adfacf3d6: failed to insert pending batch audit log: pq: invalid input syntax for type uuid: "unknown"
2026/08/15 09:51:59 AuditWorker: Error inserting event 874182b2-5424-4eb1-81aa-d40f8a3df5ac: failed to insert pending batch audit log: pq: invalid input syntax for type uuid: "unknown"
2026/08/15 09:51:59 AuditWorker: Error inserting event d0dd192f-e1ce-4784-ba36-0badd0c92124: failed to insert pending batch audit log: pq: invalid input syntax for type uuid: "unknown"
2026/08/15 09:51:59 AuditWorker: Error inserting event 5d804547-0299-4d43-a3e1-f8c4b7298710: failed to insert pending batch audit log: pq: invalid input syntax for type uuid: "unknown"
2026/08/15 09:51:59 AuditWorker: Error inserting event a8e27536-31bb-4330-91df-f4570ae02c8f: failed to insert pending batch audit log: pq: invalid input syntax for type uuid: "unknown"
2026/08/15 09:51:59 AuditWorker: Error inserting event 551fa9e4-08d0-4911-a52c-d321a6d652b9: failed to insert pending batch audit log: pq: invalid input syntax for type uuid: "unknown"
2026/08/15 09:51:59 AuditWorker: Error inserting event d88d3a04-1d36-44d8-9f9f-72441b1007cb: failed to insert pending batch audit log: pq: invalid input syntax for type uuid: "unknown"
2026/08/15 09:51:59 AuditWorker: Error inserting event 8a3cd69c-c222-4fae-8d43-f8b448ec8694: failed to insert pending batch audit log: pq: invalid input syntax for type uuid: ""
2026/08/15 09:51:59 AuditWorker: Error inserting event 613660cc-ff8a-4c62-b555-a14a5b68bedb: failed to insert pending batch audit log: pq: invalid input syntax for type uuid: ""
2026/08/15 09:51:59 AuditWorker: Error inserting event 5c0b9de6-8bfc-4a84-9aef-b269216e906e: failed to insert pending batch audit log: pq: invalid input syntax for type uuid: ""
2026/08/15 09:51:59 AuditWorker: Error inserting event c7d96929-338a-4a4c-8d18-a8d9ed5a427a: failed to insert pending batch audit log: pq: invalid input syntax for type uuid: ""
2026/08/15 09:51:59 AuditWorker: Error inserting event a22b110f-7c3d-4f57-bcfe-721aa0a7c23a: failed to insert pending batch audit log: pq: invalid input syntax for type uuid: ""
2026/08/15 09:51:59 AuditWorker: Error inserting event 0f951c6a-d368-48e8-bb33-961e4a51e3b2: failed to insert pending batch audit log: pq: invalid input syntax for type uuid: ""
2026/08/15 09:51:59 AuditWorker: Error inserting event b6c443a8-6482-45bd-888f-6a1a61bb69d1: failed to insert pending batch audit log: pq: invalid input syntax for type uuid: ""
2026/08/15 09:51:59 AuditWorker: Error inserting event 77e1e398-2285-4b09-90b7-e7e8b15ce563: failed to insert pending batch audit log: pq: invalid input syntax for type uuid: ""
2026/08/15 09:51:59 AuditWorker: Error inserting event 2497c5e5-6c55-4c15-8e43-eb95236872f9: failed to insert pending batch audit log: pq: invalid input syntax for type uuid: "unknown"
2026/08/15 09:51:59 AuditWorker: Error inserting event d41d3d1b-30da-4f24-b58d-18105c2f4165: failed to insert pending batch audit log: pq: invalid input syntax for type uuid: ""
2026/08/15 09:51:59 AuditWorker: Error inserting event 8e51337f-d1e4-4f3f-8701-e78dde7441d7: failed to insert pending batch audit log: pq: invalid input syntax for type uuid: ""
2026/08/15 09:51:59 AuditWorker: Error inserting event 49327a63-8e46-4488-8cb6-e4667e51414f: failed to insert pending batch audit log: pq: invalid input syntax for type uuid: "unknown"
2026/08/15 09:51:59 AuditWorker: Error inserting event 3fae9265-a26d-4485-90c8-4d59bc25588c: failed to insert pending batch audit log: pq: invalid input syntax for type uuid: "unknown"
2026/08/15 09:51:59 AuditWorker: Error inserting event 94db57aa-8e53-4985-bbfc-7abbffbd9594: failed to insert pending batch audit log: pq: invalid input syntax for type uuid: ""
2026/08/15 09:51:59 AuditWorker: Error inserting event 29ac45da-3148-41f8-a027-bd065aa41e72: failed to insert pending batch audit log: pq: invalid input syntax for type uuid: "unknown"
2026/08/15 09:51:59 AuditWorker: Error inserting event 03564239-f7f2-44cd-a8a7-f4c7a7d8f232: failed to insert pending batch audit log: pq: invalid input syntax for type uuid: ""
2026/08/15 09:51:59 AuditWorker: Error inserting event 4b122fde-8568-4c6f-b7f2-c08a93932c50: failed to insert pending batch audit log: pq: invalid input syntax for type uuid: ""
2026/08/15 09:51:59 AuditWorker: Error inserting event 2373dae0-f271-49e6-ad1c-ce534e43fd5a: failed to insert pending batch audit log: pq: invalid input syntax for type uuid: "unknown"
2026/08/15 09:51:59 AuditWorker: Error inserting event 5998d9f4-5a73-4722-b980-01ceca38d9e8: failed to insert pending batch audit log: pq: invalid input syntax for type uuid: "unknown"
2026/08/15 09:51:59 AuditWorker: Error inserting event 6a7baeba-a8d4-40e1-a713-9a51c3bb06fb: failed to insert pending batch audit log: pq: invalid input syntax for type uuid: ""
2026/08/15 09:51:59 AuditWorker: Error inserting event 7e556aad-6b25-4d03-9425-b399e87a2189: failed to insert pending batch audit log: pq: invalid input syntax for type uuid: "unknown"
2026/08/15 09:51:59 AuditWorker: Error inserting event efe5c97c-b084-468e-8ac0-62e8e83beb0e: failed to insert pending batch audit log: pq: invalid input syntax for type uuid: ""
2026/08/15 09:51:59 AuditWorker: Error inserting event 768abb7b-2cd5-4dd4-a886-3d2e9dd2df32: failed to insert pending batch audit log: pq: invalid input syntax for type uuid: "unknown"
2026/08/15 09:51:59 AuditWorker: Error inserting event 76e04477-4eef-40a2-a81e-113fa6104ab9: failed to insert pending batch audit log: pq: invalid input syntax for type uuid: "unknown"
2026/08/15 09:51:59 AuditWorker: Error inserting event 097633ec-594f-4b05-8aca-ed0adfacf3d6: failed to insert pending batch audit log: pq: invalid input syntax for type uuid: "unknown"
2026/08/15 09:51:59 AuditWorker: Error inserting event 874182b2-5424-4eb1-81aa-d40f8a3df5ac: failed to insert pending batch audit log: pq: invalid input syntax for type uuid: "unknown"
2026/08/15 09:51:59 AuditWorker: Error inserting event d0dd192f-e1ce-4784-ba36-0badd0c92124: failed to insert pending batch audit log: pq: invalid input syntax for type uuid: "unknown"
2026/08/15 09:51:59 AuditWorker: Error inserting event 5d804547-0299-4d43-a3e1-f8c4b7298710: failed to insert pending batch audit log: pq: invalid input syntax for type uuid: "unknown"
2026/08/15 09:51:59 AuditWorker: Error inserting event a8e27536-31bb-4330-91df-f4570ae02c8f: failed to insert pending batch audit log: pq: invalid input syntax for type uuid: "unknown"
2026/08/15 09:51:59 AuditWorker: Error inserting event 551fa9e4-08d0-4911-a52c-d321a6d652b9: failed to insert pending batch audit log: pq: invalid input syntax for type uuid: "unknown"
2026/08/15 09:51:59 AuditWorker: Error inserting event d88d3a04-1d36-44d8-9f9f-72441b1007cb: failed to insert pending batch audit log: pq: invalid input syntax for type uuid: "unknown"
2026/08/15 09:51:59 AuditWorker: Error inserting event 8a3cd69c-c222-4fae-8d43-f8b448ec8694: failed to insert pending batch audit log: pq: invalid input syntax for type uuid: ""
2026/08/15 09:51:59 AuditWorker: Error inserting event 613660cc-ff8a-4c62-b555-a14a5b68bedb: failed to insert pending batch audit log: pq: invalid input syntax for type uuid: ""
2026/08/15 09:51:59 AuditWorker: Error inserting event 5c0b9de6-8bfc-4a84-9aef-b269216e906e: failed to insert pending batch audit log: pq: invalid input syntax for type uuid: ""
2026/08/15 09:51:59 AuditWorker: Error inserting event c7d96929-338a-4a4c-8d18-a8d9ed5a427a: failed to insert pending batch audit log: pq: invalid input syntax for type uuid: ""
2026/08/15 09:51:59 AuditWorker: Error inserting event a22b110f-7c3d-4f57-bcfe-721aa0a7c23a: failed to insert pending batch audit log: pq: invalid input syntax for type uuid: ""
2026/08/15 09:51:59 AuditWorker: Error inserting event 0f951c6a-d368-48e8-bb33-961e4a51e3b2: failed to insert pending batch audit log: pq: invalid input syntax for type uuid: ""
2026/08/15 09:51:59 AuditWorker: Error inserting event b6c443a8-6482-45bd-888f-6a1a61bb69d1: failed to insert pending batch audit log: pq: invalid input syntax for type uuid: ""
2026/08/15 09:51:59 AuditWorker: Error inserting event 77e1e398-2285-4b09-90b7-e7e8b15ce563: failed to insert pending batch audit log: pq: invalid input syntax for type uuid: ""
2026/08/15 09:51:59 AuditWorker: Error inserting event 2497c5e5-6c55-4c15-8e43-eb95236872f9: failed to insert pending batch audit log: pq: invalid input syntax for type uuid: "unknown"
2026/08/15 09:51:59 AuditWorker: Error inserting event d41d3d1b-30da-4f24-b58d-18105c2f4165: failed to insert pending batch audit log: pq: invalid input syntax for type uuid: ""
2026/08/15 09:51:59 AuditWorker: Error inserting event 8e51337f-d1e4-4f3f-8701-e78dde7441d7: failed to insert pending batch audit log: pq: invalid input syntax for type uuid: ""
2026/08/15 09:51:59 AuditWorker: Error inserting event 49327a63-8e46-4488-8cb6-e4667e51414f: failed to insert pending batch audit log: pq: invalid input syntax for type uuid: "unknown"
2026/08/15 09:51:59 AuditWorker: Error inserting event 3fae9265-a26d-4485-90c8-4d59bc25588c: failed to insert pending batch audit log: pq: invalid input syntax for type uuid: "unknown"
2026/08/15 09:51:59 AuditWorker: Error inserting event 94db57aa-8e53-4985-bbfc-7abbffbd9594: failed to insert pending batch audit log: pq: invalid input syntax for type uuid: ""
2026/08/15 09:51:59 AuditWorker: Error inserting event 29ac45da-3148-41f8-a027-bd065aa41e72: failed to insert pending batch audit log: pq: invalid input syntax for type uuid: "unknown"
2026/08/15 09:51:59 AuditWorker: Error inserting event 03564239-f7f2-44cd-a8a7-f4c7a7d8f232: failed to insert pending batch audit log: pq: invalid input syntax for type uuid: ""
2026/08/15 09:51:59 AuditWorker: Error inserting event 4b122fde-8568-4c6f-b7f2-c08a93932c50: failed to insert pending batch audit log: pq: invalid input syntax for type uuid: ""
2026/08/15 09:51:59 AuditWorker: Error inserting event 2373dae0-f271-49e6-ad1c-ce534e43fd5a: failed to insert pending batch audit log: pq: invalid input syntax for type uuid: "unknown"
2026/08/15 09:51:59 AuditWorker: Error inserting event 5998d9f4-5a73-4722-b980-01ceca38d9e8: failed to insert pending batch audit log: pq: invalid input syntax for type uuid: "unknown"
2026/08/15 09:51:59 AuditWorker: Error inserting event 6a7baeba-a8d4-40e1-a713-9a51c3bb06fb: failed to insert pending batch audit log: pq: invalid input syntax for type uuid: ""
2026/08/15 09:51:59 AuditWorker: Error inserting event 7e556aad-6b25-4d03-9425-b399e87a2189: failed to insert pending batch audit log: pq: invalid input syntax for type uuid: "unknown"
2026/08/15 09:51:59 AuditWorker: Error inserting event efe5c97c-b084-468e-8ac0-62e8e83beb0e: failed to insert pending batch audit log: pq: invalid input syntax for type uuid: ""
2026/08/15 09:51:59 AuditWorker: Error inserting event 768abb7b-2cd5-4dd4-a886-3d2e9dd2df32: failed to insert pending batch audit log: pq: invalid input syntax for type uuid: "unknown"
2026/08/15 09:51:59 AuditWorker: Error inserting event 76e04477-4eef-40a2-a81e-113fa6104ab9: failed to insert pending batch audit log: pq: invalid input syntax for type uuid: "unknown"
2026/08/15 09:51:59 AuditWorker: Error inserting event 097633ec-594f-4b05-8aca-ed0adfacf3d6: failed to insert pending batch audit log: pq: invalid input syntax for type uuid: "unknown"
2026/08/15 09:51:59 AuditWorker: Error inserting event 874182b2-5424-4eb1-81aa-d40f8a3df5ac: failed to insert pending batch audit log: pq: invalid input syntax for type uuid: "unknown"
2026/08/15 09:51:59 AuditWorker: Error inserting event d0dd192f-e1ce-4784-ba36-0badd0c92124: failed to insert pending batch audit log: pq: invalid input syntax for type uuid: "unknown"
2026/08/15 09:51:59 AuditWorker: Error inserting event 5d804547-0299-4d43-a3e1-f8c4b7298710: failed to insert pending batch audit log: pq: invalid input syntax for type uuid: "unknown"
2026/08/15 09:51:59 AuditWorker: Error inserting event a8e27536-31bb-4330-91df-f4570ae02c8f: failed to insert pending batch audit log: pq: invalid input syntax for type uuid: "unknown"
2026/08/15 09:51:59 AuditWorker: Error inserting event 551fa9e4-08d0-4911-a52c-d321a6d652b9: failed to insert pending batch audit log: pq: invalid input syntax for type uuid: "unknown"
2026/08/15 09:51:59 AuditWorker: Error inserting event d88d3a04-1d36-44d8-9f9f-72441b1007cb: failed to insert pending batch audit log: pq: invalid input syntax for type uuid: "unknown"
2026/08/15 09:51:59 AuditWorker: Error inserting event 8a3cd69c-c222-4fae-8d43-f8b448ec8694: failed to insert pending batch audit log: pq: invalid input syntax for type uuid: ""
2026/08/15 09:51:59 AuditWorker: Error inserting event 613660cc-ff8a-4c62-b555-a14a5b68bedb: failed to insert pending batch audit log: pq: invalid input syntax for type uuid: ""
2026/08/15 09:51:59 AuditWorker: Error inserting event 5c0b9de6-8bfc-4a84-9aef-b269216e906e: failed to insert pending batch audit log: pq: invalid input syntax for type uuid: ""
2026/08/15 09:51:59 AuditWorker: Error inserting event c7d96929-338a-4a4c-8d18-a8d9ed5a427a: failed to insert pending batch audit log: pq: invalid input syntax for type uuid: ""
2026/08/15 09:51:59 AuditWorker: Error inserting event a22b110f-7c3d-4f57-bcfe-721aa0a7c23a: failed to insert pending batch audit log: pq: invalid input syntax for type uuid: ""
2026/08/15 09:51:59 AuditWorker: Error inserting event 0f951c6a-d368-48e8-bb33-961e4a51e3b2: failed to insert pending batch audit log: pq: invalid input syntax for type uuid: ""
2026/08/15 09:51:59 AuditWorker: Error inserting event b6c443a8-6482-45bd-888f-6a1a61bb69d1: failed to insert pending batch audit log: pq: invalid input syntax for type uuid: ""
2026/08/15 09:51:59 AuditWorker: Error inserting event 77e1e398-2285-4b09-90b7-e7e8b15ce563: failed to insert pending batch audit log: pq: invalid input syntax for type uuid: ""
2026/08/15 09:51:59 AuditWorker: Error inserting event 2497c5e5-6c55-4c15-8e43-eb95236872f9: failed to insert pending batch audit log: pq: invalid input syntax for type uuid: "unknown"
2026/08/15 09:51:59 AuditWorker: Error inserting event d41d3d1b-30da-4f24-b58d-18105c2f4165: failed to insert pending batch audit log: pq: invalid input syntax for type uuid: ""
2026/08/15 09:51:59 AuditWorker: Error inserting event 8e51337f-d1e4-4f3f-8701-e78dde7441d7: failed to insert pending batch audit log: pq: invalid input syntax for type uuid: ""
2026/08/15 09:51:59 AuditWorker: Error inserting event 49327a63-8e46-4488-8cb6-e4667e51414f: failed to insert pending batch audit log: pq: invalid input syntax for type uuid: "unknown"
2026/08/15 09:51:59 AuditWorker: Error inserting event 3fae9265-a26d-4485-90c8-4d59bc25588c: failed to insert pending batch audit log: pq: invalid input syntax for type uuid: "unknown"
2026/08/15 09:51:59 AuditWorker: Error inserting event 94db57aa-8e53-4985-bbfc-7abbffbd9594: failed to insert pending batch audit log: pq: invalid input syntax for type uuid: ""
2026/08/15 09:51:59 AuditWorker: Error inserting event 29ac45da-3148-41f8-a027-bd065aa41e72: failed to insert pending batch audit log: pq: invalid input syntax for type uuid: "unknown"
2026/08/15 09:51:59 AuditWorker: Error inserting event 03564239-f7f2-44cd-a8a7-f4c7a7d8f232: failed to insert pending batch audit log: pq: invalid input syntax for type uuid: ""
2026/08/15 09:51:59 AuditWorker: Error inserting event 4b122fde-8568-4c6f-b7f2-c08a93932c50: failed to insert pending batch audit log: pq: invalid input syntax for type uuid: ""
2026/08/15 09:51:59 AuditWorker: Error inserting event 2373dae0-f271-49e6-ad1c-ce534e43fd5a: failed to insert pending batch audit log: pq: invalid input syntax for type uuid: "unknown"
2026/08/15 09:51:59 AuditWorker: Error inserting event 5998d9f4-5a73-4722-b980-01ceca38d9e8: failed to insert pending batch audit log: pq: invalid input syntax for type uuid: "unknown"
2026/08/15 09:51:59 AuditWorker: Error inserting event 6a7baeba-a8d4-40e1-a713-9a51c3bb06fb: failed to insert pending batch audit log: pq: invalid input syntax for type uuid: ""
2026/08/15 09:51:59 AuditWorker: Error inserting event 7e556aad-6b25-4d03-9425-b399e87a2189: failed to insert pending batch audit log: pq: invalid input syntax for type uuid: "unknown"
2026/08/15 09:51:59 AuditWorker: Error inserting event efe5c97c-b084-468e-8ac0-62e8e83beb0e: failed to insert pending batch audit log: pq: invalid input syntax for type uuid: ""
2026/08/15 09:51:59 AuditWorker: Error inserting event 768abb7b-2cd5-4dd4-a886-3d2e9dd2df32: failed to insert pending batch audit log: pq: invalid input syntax for type uuid: "unknown"
2026/08/15 09:51:59 AuditWorker: Error inserting event 76e04477-4eef-40a2-a81e-113fa6104ab9: failed to insert pending batch audit log: pq: invalid input syntax for type uuid: "unknown"
2026/08/15 09:51:59 AuditWorker: Error inserting event 097633ec-594f-4b05-8aca-ed0adfacf3d6: failed to insert pending batch audit log: pq: invalid input syntax for type uuid: "unknown"
2026/08/15 09:51:59 AuditWorker: Error inserting event 874182b2-5424-4eb1-81aa-d40f8a3df5ac: failed to insert pending batch audit log: pq: invalid input syntax for type uuid: "unknown"
2026/08/15 09:51:59 AuditWorker: Error inserting event d0dd192f-e1ce-4784-ba36-0badd0c92124: failed to insert pending batch audit log: pq: invalid input syntax for type uuid: "unknown"
2026/08/15 09:51:59 AuditWorker: Error inserting event 5d804547-0299-4d43-a3e1-f8c4b7298710: failed to insert pending batch audit log: pq: invalid input syntax for type uuid: "unknown"
2026/08/15 09:51:59 AuditWorker: Error inserting event a8e27536-31bb-4330-91df-f4570ae02c8f: failed to insert pending batch audit log: pq: invalid input syntax for type uuid: "unknown"
2026/08/15 09:51:59 AuditWorker: Error inserting event 551fa9e4-08d0-4911-a52c-d321a6d652b9: failed to insert pending batch audit log: pq: invalid input syntax for type uuid: "unknown"
2026/08/15 09:51:59 AuditWorker: Error inserting event d88d3a04-1d36-44d8-9f9f-72441b1007cb: failed to insert pending batch audit log: pq: invalid input syntax for type uuid: "unknown"
2026/08/15 09:51:59 AuditWorker: Error inserting event 8a3cd69c-c222-4fae-8d43-f8b448ec8694: failed to insert pending batch audit log: pq: invalid input syntax for type uuid: ""
2026/08/15 09:51:59 AuditWorker: Error inserting event 613660cc-ff8a-4c62-b555-a14a5b68bedb: failed to insert pending batch audit log: pq: invalid input syntax for type uuid: ""
2026/08/15 09:51:59 AuditWorker: Error inserting event 5c0b9de6-8bfc-4a84-9aef-b269216e906e: failed to insert pending batch audit log: pq: invalid input syntax for type uuid: ""
2026/08/15 09:51:59 AuditWorker: Error inserting event c7d96929-338a-4a4c-8d18-a8d9ed5a427a: failed to insert pending batch audit log: pq: invalid input syntax for type uuid: ""
2026/08/15 09:51:59 AuditWorker: Error inserting event a22b110f-7c3d-4f57-bcfe-721aa0a7c23a: failed to insert pending batch audit log: pq: invalid input syntax for type uuid: ""
2026/08/15 09:51:59 AuditWorker: Error inserting event 0f951c6a-d368-48e8-bb33-961e4a51e3b2: failed to insert pending batch audit log: pq: invalid input syntax for type uuid: ""
2026/08/15 09:51:59 AuditWorker: Error inserting event b6c443a8-6482-45bd-888f-6a1a61bb69d1: failed to insert pending batch audit log: pq: invalid input syntax for type uuid: ""
2026/08/15 09:51:59 AuditWorker: Error inserting event 77e1e398-2285-4b09-90b7-e7e8b15ce563: failed to insert pending batch audit log: pq: invalid input syntax for type uuid: ""
2026/08/15 09:51:59 AuditWorker: Error inserting event 2497c5e5-6c55-4c15-8e43-eb95236872f9: failed to insert pending batch audit log: pq: invalid input syntax for type uuid: "unknown"
2026/08/15 09:51:59 AuditWorker: Error inserting event d41d3d1b-30da-4f24-b58d-18105c2f4165: failed to insert pending batch audit log: pq: invalid input syntax for type uuid: ""
2026/08/15 09:51:59 AuditWorker: Error inserting event 8e51337f-d1e4-4f3f-8701-e78dde7441d7: failed to insert pending batch audit log: pq: invalid input syntax for type uuid: ""
2026/08/15 09:51:59 AuditWorker: Error inserting event 49327a63-8e46-4488-8cb6-e4667e51414f: failed to insert pending batch audit log: pq: invalid input syntax for type uuid: "unknown"
2026/08/15 09:51:59 AuditWorker: Error inserting event 3fae9265-a26d-4485-90c8-4d59bc25588c: failed to insert pending batch audit log: pq: invalid input syntax for type uuid: "unknown"
2026/08/15 09:51:59 AuditWorker: Error inserting event 94db57aa-8e53-4985-bbfc-7abbffbd9594: failed to insert pending batch audit log: pq: invalid input syntax for type uuid: ""
2026/08/15 09:51:59 AuditWorker: Error inserting event 29ac45da-3148-41f8-a027-bd065aa41e72: failed to insert pending batch audit log: pq: invalid input syntax for type uuid: "unknown"
2026/08/15 09:51:59 AuditWorker: Error inserting event 03564239-f7f2-44cd-a8a7-f4c7a7d8f232: failed to insert pending batch audit log: pq: invalid input syntax for type uuid: ""
2026/08/15 09:51:59 AuditWorker: Error inserting event 4b122fde-8568-4c6f-b7f2-c08a93932c50: failed to insert pending batch audit log: pq: invalid input syntax for type uuid: ""
2026/08/15 09:51:59 AuditWorker: Error inserting event 2373dae0-f271-49e6-ad1c-ce534e43fd5a: failed to insert pending batch audit log: pq: invalid input syntax for type uuid: "unknown"
2026/08/15 09:51:59 AuditWorker: Error inserting event 5998d9f4-5a73-4722-b980-01ceca38d9e8: failed to insert pending batch audit log: pq: invalid input syntax for type uuid: "unknown"
2026/08/15 09:51:59 AuditWorker: Error inserting event 6a7baeba-a8d4-40e1-a713-9a51c3bb06fb: failed to insert pending batch audit log: pq: invalid input syntax for type uuid: ""
2026/08/15 09:51:59 AuditWorker: Error inserting event 7e556aad-6b25-4d03-9425-b399e87a2189: failed to insert pending batch audit log: pq: invalid input syntax for type uuid: "unknown"
2026/08/15 09:51:59 AuditWorker: Error inserting event efe5c97c-b084-468e-8ac0-62e8e83beb0e: failed to insert pending batch audit log: pq: invalid input syntax for type uuid: ""
2026/08/15 09:51:59 AuditWorker: Error inserting event 768abb7b-2cd5-4dd4-a886-3d2e9dd2df32: failed to insert pending batch audit log: pq: invalid input syntax for type uuid: "unknown"
2026/08/15 09:51:59 AuditWorker: Error inserting event 76e04477-4eef-40a2-a81e-113fa6104ab9: failed to insert pending batch audit log: pq: invalid input syntax for type uuid: "unknown"
2026/08/15 09:51:59 AuditWorker: Error inserting event 097633ec-594f-4b05-8aca-ed0adfacf3d6: failed to insert pending batch audit log: pq: invalid input syntax for type uuid: "unknown"
2026/08/15 09:51:59 AuditWorker: Error inserting event 874182b2-5424-4eb1-81aa-d40f8a3df5ac: failed to insert pending batch audit log: pq: invalid input syntax for type uuid: "unknown"
2026/08/15 09:51:59 AuditWorker: Error inserting event d0dd192f-e1ce-4784-ba36-0badd0c92124: failed to insert pending batch audit log: pq: invalid input syntax for type uuid: "unknown"
2026/08/15 09:51:59 AuditWorker: Error inserting event 5d804547-0299-4d43-a3e1-f8c4b7298710: failed to insert pending batch audit log: pq: invalid input syntax for type uuid: "unknown"
2026/08/15 09:51:59 AuditWorker: Error inserting event a8e27536-31bb-4330-91df-f4570ae02c8f: failed to insert pending batch audit log: pq: invalid input syntax for type uuid: "unknown"
2026/08/15 09:51:59 AuditWorker: Error inserting event 551fa9e4-08d0-4911-a52c-d321a6d652b9: failed to insert pending batch audit log: pq: invalid input syntax for type uuid: "unknown"
2026/08/15 09:51:59 AuditWorker: Error inserting event d88d3a04-1d36-44d8-9f9f-72441b1007cb: failed to insert pending batch audit log: pq: invalid input syntax for type uuid: "unknown"
2026/08/15 09:51:59 AuditWorker: Error inserting event 8a3cd69c-c222-4fae-8d43-f8b448ec8694: failed to insert pending batch audit log: pq: invalid input syntax for type uuid: ""
2026/08/15 09:51:59 AuditWorker: Error inserting event 613660cc-ff8a-4c62-b555-a14a5b68bedb: failed to insert pending batch audit log: pq: invalid input syntax for type uuid: ""
2026/08/15 09:51:59 AuditWorker: Error inserting event 5c0b9de6-8bfc-4a84-9aef-b269216e906e: failed to insert pending batch audit log: pq: invalid input syntax for type uuid: ""
2026/08/15 09:51:59 AuditWorker: Error inserting event c7d96929-338a-4a4c-8d18-a8d9ed5a427a: failed to insert pending batch audit log: pq: invalid input syntax for type uuid: ""
2026/08/15 09:51:59 AuditWorker: Error inserting event a22b110f-7c3d-4f57-bcfe-721aa0a7c23a: failed to insert pending batch audit log: pq: invalid input syntax for type uuid: ""
2026/08/15 09:51:59 AuditWorker: Error inserting event 0f951c6a-d368-48e8-bb33-961e4a51e3b2: failed to insert pending batch audit log: pq: invalid input syntax for type uuid: ""
2026/08/15 09:51:59 AuditWorker: Error inserting event b6c443a8-6482-45bd-888f-6a1a61bb69d1: failed to insert pending batch audit log: pq: invalid input syntax for type uuid: ""
2026/08/15 09:51:59 AuditWorker: Error inserting event 77e1e398-2285-4b09-90b7-e7e8b15ce563: failed to insert pending batch audit log: pq: invalid input syntax for type uuid: ""
2026/08/15 09:51:59 AuditWorker: Error inserting event 2497c5e5-6c55-4c15-8e43-eb95236872f9: failed to insert pending batch audit log: pq: invalid input syntax for type uuid: "unknown"
2026/08/15 09:51:59 AuditWorker: Error inserting event d41d3d1b-30da-4f24-b58d-18105c2f4165: failed to insert pending batch audit log: pq: invalid input syntax for type uuid: ""
2026/08/15 09:51:59 AuditWorker: Error inserting event 8e51337f-d1e4-4f3f-8701-e78dde7441d7: failed to insert pending batch audit log: pq: invalid input syntax for type uuid: ""
2026/08/15 09:51:59 AuditWorker: Error inserting event 49327a63-8e46-4488-8cb6-e4667e51414f: failed to insert pending batch audit log: pq: invalid input syntax for type uuid: "unknown"
2026/08/15 09:51:59 AuditWorker: Error inserting event 3fae9265-a26d-4485-90c8-4d59bc25588c: failed to insert pending batch audit log: pq: invalid input syntax for type uuid: "unknown"
2026/08/15 09:51:59 AuditWorker: Error inserting event 94db57aa-8e53-4985-bbfc-7abbffbd9594: failed to insert pending batch audit log: pq: invalid input syntax for type uuid: ""
2026/08/15 09:51:59 AuditWorker: Error inserting event 29ac45da-3148-41f8-a027-bd065aa41e72: failed to insert pending batch audit log: pq: invalid input syntax for type uuid: "unknown"
2026/08/15 09:51:59 AuditWorker: Error inserting event 03564239-f7f2-44cd-a8a7-f4c7a7d8f232: failed to insert pending batch audit log: pq: invalid input syntax for type uuid: ""
2026/08/15 09:51:59 AuditWorker: Error inserting event 4b122fde-8568-4c6f-b7f2-c08a93932c50: failed to insert pending batch audit log: pq: invalid input syntax for type uuid: ""
2026/08/15 09:51:59 AuditWorker: Error inserting event 2373dae0-f271-49e6-ad1c-ce534e43fd5a: failed to insert pending batch audit log: pq: invalid input syntax for type uuid: "unknown"
2026/08/15 09:51:59 AuditWorker: Error inserting event 5998d9f4-5a73-4722-b980-01ceca38d9e8: failed to insert pending batch audit log: pq: invalid input syntax for type uuid: "unknown"
2026/08/15 09:51:59 AuditWorker: Error inserting event 6a7baeba-a8d4-40e1-a713-9a51c3bb06fb: failed to insert pending batch audit log: pq: invalid input syntax for type uuid: ""
2026/08/15 09:51:59 AuditWorker: Error inserting event 7e556aad-6b25-4d03-9425-b399e87a2189: failed to insert pending batch audit log: pq: invalid input syntax for type uuid: "unknown"
2026/08/15 09:51:59 AuditWorker: Error inserting event efe5c97c-b084-468e-8ac0-62e8e83beb0e: failed to insert pending batch audit log: pq: invalid input syntax for type uuid: ""
2026/08/15 09:51:59 AuditWorker: Error inserting event 768abb7b-2cd5-4dd4-a886-3d2e9dd2df32: failed to insert pending batch audit log: pq: invalid input syntax for type uuid: "unknown"
2026/08/15 09:51:59 AuditWorker: Error inserting event 76e04477-4eef-40a2-a81e-113fa6104ab9: failed to insert pending batch audit log: pq: invalid input syntax for type uuid: "unknown"
2026/08/15 09:51:59 AuditWorker: Error inserting event 097633ec-594f-4b05-8aca-ed0adfacf3d6: failed to insert pending batch audit log: pq: invalid input syntax for type uuid: "unknown"
2026/08/15 09:51:59 AuditWorker: Error inserting event 874182b2-5424-4eb1-81aa-d40f8a3df5ac: failed to insert pending batch audit log: pq: invalid input syntax for type uuid: "unknown"
2026/08/15 09:51:59 AuditWorker: Error inserting event d0dd192f-e1ce-4784-ba36-0badd0c92124: failed to insert pending batch audit log: pq: invalid input syntax for type uuid: "unknown"
2026/08/15 09:51:59 AuditWorker: Error inserting event 5d804547-0299-4d43-a3e1-f8c4b7298710: failed to insert pending batch audit log: pq: invalid input syntax for type uuid: "unknown"
2026/08/15 09:51:59 AuditWorker: Error inserting event a8e27536-31bb-4330-91df-f4570ae02c8f: failed to insert pending batch audit log: pq: invalid input syntax for type uuid: "unknown"
2026/08/15 09:51:59 AuditWorker: Error inserting event 551fa9e4-08d0-4911-a52c-d321a6d652b9: failed to insert pending batch audit log: pq: invalid input syntax for type uuid: "unknown"
2026/08/15 09:51:59 AuditWorker: Error inserting event d88d3a04-1d36-44d8-9f9f-72441b1007cb: failed to insert pending batch audit log: pq: invalid input syntax for type uuid: "unknown"
2026/08/15 09:51:59 AuditWorker: Error inserting event 8a3cd69c-c222-4fae-8d43-f8b448ec8694: failed to insert pending batch audit log: pq: invalid input syntax for type uuid: ""
2026/08/15 09:51:59 AuditWorker: Error inserting event 613660cc-ff8a-4c62-b555-a14a5b68bedb: failed to insert pending batch audit log: pq: invalid input syntax for type uuid: ""
2026/08/15 09:51:59 AuditWorker: Error inserting event 5c0b9de6-8bfc-4a84-9aef-b269216e906e: failed to insert pending batch audit log: pq: invalid input syntax for type uuid: ""
2026/08/15 09:51:59 AuditWorker: Error inserting event c7d96929-338a-4a4c-8d18-a8d9ed5a427a: failed to insert pending batch audit log: pq: invalid input syntax for type uuid: ""
2026/08/15 09:51:59 AuditWorker: Error inserting event a22b110f-7c3d-4f57-bcfe-721aa0a7c23a: failed to insert pending batch audit log: pq: invalid input syntax for type uuid: ""
2026/08/15 09:51:59 AuditWorker: Error inserting event 0f951c6a-d368-48e8-bb33-961e4a51e3b2: failed to insert pending batch audit log: pq: invalid input syntax for type uuid: ""
2026/08/15 09:51:59 AuditWorker: Error inserting event b6c443a8-6482-45bd-888f-6a1a61bb69d1: failed to insert pending batch audit log: pq: invalid input syntax for type uuid: ""
2026/08/15 09:51:59 AuditWorker: Error inserting event 77e1e398-2285-4b09-90b7-e7e8b15ce563: failed to insert pending batch audit log: pq: invalid input syntax for type uuid: ""
2026/08/15 09:51:59 AuditWorker: Error inserting event 2497c5e5-6c55-4c15-8e43-eb95236872f9: failed to insert pending batch audit log: pq: invalid input syntax for type uuid: "unknown"
2026/08/15 09:51:59 AuditWorker: Error inserting event d41d3d1b-30da-4f24-b58d-18105c2f4165: failed to insert pending batch audit log: pq: invalid input syntax for type uuid: ""
2026/08/15 09:51:59 AuditWorker: Error inserting event 8e51337f-d1e4-4f3f-8701-e78dde7441d7: failed to insert pending batch audit log: pq: invalid input syntax for type uuid: ""
2026/08/15 09:51:59 AuditWorker: Error inserting event 49327a63-8e46-4488-8cb6-e4667e51414f: failed to insert pending batch audit log: pq: invalid input syntax for type uuid: "unknown"
2026/08/15 09:51:59 AuditWorker: Error inserting event 3fae9265-a26d-4485-90c8-4d59bc25588c: failed to insert pending batch audit log: pq: invalid input syntax for type uuid: "unknown"
2026/08/15 09:51:59 AuditWorker: Error inserting event 94db57aa-8e53-4985-bbfc-7abbffbd9594: failed to insert pending batch audit log: pq: invalid input syntax for type uuid: ""
2026/08/15 09:51:59 AuditWorker: Error inserting event 29ac45da-3148-41f8-a027-bd065aa41e72: failed to insert pending batch audit log: pq: invalid input syntax for type uuid: "unknown"
2026/08/15 09:51:59 AuditWorker: Error inserting event 03564239-f7f2-44cd-a8a7-f4c7a7d8f232: failed to insert pending batch audit log: pq: invalid input syntax for type uuid: ""
2026/08/15 09:51:59 AuditWorker: Error inserting event 4b122fde-8568-4c6f-b7f2-c08a93932c50: failed to insert pending batch audit log: pq: invalid input syntax for type uuid: ""
2026/08/15 09:51:59 AuditWorker: Error inserting event 2373dae0-f271-49e6-ad1c-ce534e43fd5a: failed to insert pending batch audit log: pq: invalid input syntax for type uuid: "unknown"
2026/08/15 09:51:59 AuditWorker: Error inserting event 5998d9f4-5a73-4722-b980-01ceca38d9e8: failed to insert pending batch audit log: pq: invalid input syntax for type uuid: "unknown"
2026/08/15 09:51:59 AuditWorker: Error inserting event 6a7baeba-a8d4-40e1-a713-9a51c3bb06fb: failed to insert pending batch audit log: pq: invalid input syntax for type uuid: ""
2026/08/15 09:51:59 AuditWorker: Error inserting event 7e556aad-6b25-4d03-9425-b399e87a2189: failed to insert pending batch audit log: pq: invalid input syntax for type uuid: "unknown"
2026/08/15 09:51:59 AuditWorker: Error inserting event efe5c97c-b084-468e-8ac0-62e8e83beb0e: failed to insert pending batch audit log: pq: invalid input syntax for type uuid: ""
2026/08/15 09:51:59 AuditWorker: Error inserting event 768abb7b-2cd5-4dd4-a886-3d2e9dd2df32: failed to insert pending batch audit log: pq: invalid input syntax for type uuid: "unknown"
2026/08/15 09:51:59 AuditWorker: Error inserting event 76e04477-4eef-40a2-a81e-113fa6104ab9: failed to insert pending batch audit log: pq: invalid input syntax for type uuid: "unknown"
2026/08/15 09:51:59 AuditWorker: Error inserting event 097633ec-594f-4b05-8aca-ed0adfacf3d6: failed to insert pending batch audit log: pq: invalid input syntax for type uuid: "unknown"
2026/08/15 09:51:59 AuditWorker: Error inserting event 874182b2-5424-4eb1-81aa-d40f8a3df5ac: failed to insert pending batch audit log: pq: invalid input syntax for type uuid: "unknown"
2026/08/15 09:51:59 AuditWorker: Error inserting event d0dd192f-e1ce-4784-ba36-0badd0c92124: failed to insert pending batch audit log: pq: invalid input syntax for type uuid: "unknown"
2026/08/15 09:51:59 AuditWorker: Error inserting event 5d804547-0299-4d43-a3e1-f8c4b7298710: failed to insert pending batch audit log: pq: invalid input syntax for type uuid: "unknown"
2026/08/15 09:51:59 AuditWorker: Error inserting event a8e27536-31bb-4330-91df-f4570ae02c8f: failed to insert pending batch audit log: pq: invalid input syntax for type uuid: "unknown"
2026/08/15 09:51:59 AuditWorker: Error inserting event 551fa9e4-08d0-4911-a52c-d321a6d652b9: failed to insert pending batch audit log: pq: invalid input syntax for type uuid: "unknown"
2026/08/15 09:51:59 AuditWorker: Error inserting event d88d3a04-1d36-44d8-9f9f-72441b1007cb: failed to insert pending batch audit log: pq: invalid input syntax for type uuid: "unknown"
2026/08/15 09:51:59 AuditWorker: Error inserting event 8a3cd69c-c222-4fae-8d43-f8b448ec8694: failed to insert pending batch audit log: pq: invalid input syntax for type uuid: ""
2026/08/15 09:51:59 AuditWorker: Error inserting event 613660cc-ff8a-4c62-b555-a14a5b68bedb: failed to insert pending batch audit log: pq: invalid input syntax for type uuid: ""
2026/08/15 09:51:59 AuditWorker: Error inserting event 5c0b9de6-8bfc-4a84-9aef-b269216e906e: failed to insert pending batch audit log: pq: invalid input syntax for type uuid: ""
2026/08/15 09:51:59 AuditWorker: Error inserting event c7d96929-338a-4a4c-8d18-a8d9ed5a427a: failed to insert pending batch audit log: pq: invalid input syntax for type uuid: ""
2026/08/15 09:51:59 AuditWorker: Error inserting event a22b110f-7c3d-4f57-bcfe-721aa0a7c23a: failed to insert pending batch audit log: pq: invalid input syntax for type uuid: ""
2026/08/15 09:51:59 AuditWorker: Error inserting event 0f951c6a-d368-48e8-bb33-961e4a51e3b2: failed to insert pending batch audit log: pq: invalid input syntax for type uuid: ""
2026/08/15 09:51:59 AuditWorker: Error inserting event b6c443a8-6482-45bd-888f-6a1a61bb69d1: failed to insert pending batch audit log: pq: invalid input syntax for type uuid: ""
2026/08/15 09:51:59 AuditWorker: Error inserting event 77e1e398-2285-4b09-90b7-e7e8b15ce563: failed to insert pending batch audit log: pq: invalid input syntax for type uuid: ""
2026/08/15 09:51:59 AuditWorker: Error inserting event 2497c5e5-6c55-4c15-8e43-eb95236872f9: failed to insert pending batch audit log: pq: invalid input syntax for type uuid: "unknown"
2026/08/15 09:51:59 AuditWorker: Error inserting event d41d3d1b-30da-4f24-b58d-18105c2f4165: failed to insert pending batch audit log: pq: invalid input syntax for type uuid: ""
2026/08/15 09:51:59 AuditWorker: Error inserting event 8e51337f-d1e4-4f3f-8701-e78dde7441d7: failed to insert pending batch audit log: pq: invalid input syntax for type uuid: ""
2026/08/15 09:51:59 AuditWorker: Error inserting event 49327a63-8e46-4488-8cb6-e4667e51414f: failed to insert pending batch audit log: pq: invalid input syntax for type uuid: "unknown"
2026/08/15 09:51:59 AuditWorker: Error inserting event 3fae9265-a26d-4485-90c8-4d59bc25588c: failed to insert pending batch audit log: pq: invalid input syntax for type uuid: "unknown"
2026/08/15 09:51:59 AuditWorker: Error inserting event 94db57aa-8e53-4985-bbfc-7abbffbd9594: failed to insert pending batch audit log: pq: invalid input syntax for type uuid: ""
2026/08/15 09:51:59 AuditWorker: Error inserting event 29ac45da-3148-41f8-a027-bd065aa41e72: failed to insert pending batch audit log: pq: invalid input syntax for type uuid: "unknown"
2026/08/15 09:51:59 AuditWorker: Error inserting event 03564239-f7f2-44cd-a8a7-f4c7a7d8f232: failed to insert pending batch audit log: pq: invalid input syntax for type uuid: ""
2026/08/15 09:51:59 AuditWorker: Error inserting event 4b122fde-8568-4c6f-b7f2-c08a93932c50: failed to insert pending batch audit log: pq: invalid input syntax for type uuid: ""
2026/08/15 09:51:59 AuditWorker: Error inserting event 2373dae0-f271-49e6-ad1c-ce534e43fd5a: failed to insert pending batch audit log: pq: invalid input syntax for type uuid: "unknown"
2026/08/15 09:51:59 AuditWorker: Error inserting event 5998d9f4-5a73-4722-b980-01ceca38d9e8: failed to insert pending batch audit log: pq: invalid input syntax for type uuid: "unknown"
2026/08/15 09:51:59 AuditWorker: Error inserting event 6a7baeba-a8d4-40e1-a713-9a51c3bb06fb: failed to insert pending batch audit log: pq: invalid input syntax for type uuid: ""
2026/08/15 09:51:59 AuditWorker: Error inserting event 7e556aad-6b25-4d03-9425-b399e87a2189: failed to insert pending batch audit log: pq: invalid input syntax for type uuid: "unknown"
2026/08/15 09:51:59 AuditWorker: Error inserting event efe5c97c-b084-468e-8ac0-62e8e83beb0e: failed to insert pending batch audit log: pq: invalid input syntax for type uuid: ""
2026/08/15 09:51:59 AuditWorker: Error inserting event 768abb7b-2cd5-4dd4-a886-3d2e9dd2df32: failed to insert pending batch audit log: pq: invalid input syntax for type uuid: "unknown"
2026/08/15 09:51:59 AuditWorker: Error inserting event 76e04477-4eef-40a2-a81e-113fa6104ab9: failed to insert pending batch audit log: pq: invalid input syntax for type uuid: "unknown"
2026/08/15 09:51:59 AuditWorker: Error inserting event 097633ec-594f-4b05-8aca-ed0adfacf3d6: failed to insert pending batch audit log: pq: invalid input syntax for type uuid: "unknown"
2026/08/15 09:51:59 AuditWorker: Error inserting event 874182b2-5424-4eb1-81aa-d40f8a3df5ac: failed to insert pending batch audit log: pq: invalid input syntax for type uuid: "unknown"
2026/08/15 09:51:59 AuditWorker: Error inserting event d0dd192f-e1ce-4784-ba36-0badd0c92124: failed to insert pending batch audit log: pq: invalid input syntax for type uuid: "unknown"
2026/08/15 09:51:59 AuditWorker: Error inserting event 5d804547-0299-4d43-a3e1-f8c4b7298710: failed to insert pending batch audit log: pq: invalid input syntax for type uuid: "unknown"
2026/08/15 09:51:59 AuditWorker: Error inserting event a8e27536-31bb-4330-91df-f4570ae02c8f: failed to insert pending batch audit log: pq: invalid input syntax for type uuid: "unknown"
2026/08/15 09:51:59 AuditWorker: Error inserting event 551fa9e4-08d0-4911-a52c-d321a6d652b9: failed to insert pending batch audit log: pq: invalid input syntax for type uuid: "unknown"
2026/08/15 09:51:59 AuditWorker: Error inserting event d88d3a04-1d36-44d8-9f9f-72441b1007cb: failed to insert pending batch audit log: pq: invalid input syntax for type uuid: "unknown"
2026/08/15 09:51:59 AuditWorker: Error inserting event 8a3cd69c-c222-4fae-8d43-f8b448ec8694: failed to insert pending batch audit log: pq: invalid input syntax for type uuid: ""
2026/08/15 09:51:59 AuditWorker: Error inserting event 613660cc-ff8a-4c62-b555-a14a5b68bedb: failed to insert pending batch audit log: pq: invalid input syntax for type uuid: ""
2026/08/15 09:51:59 AuditWorker: Error inserting event 5c0b9de6-8bfc-4a84-9aef-b269216e906e: failed to insert pending batch audit log: pq: invalid input syntax for type uuid: ""
2026/08/15 09:51:59 AuditWorker: Error inserting event c7d96929-338a-4a4c-8d18-a8d9ed5a427a: failed to insert pending batch audit log: pq: invalid input syntax for type uuid: ""
2026/08/15 09:51:59 AuditWorker: Error inserting event a22b110f-7c3d-4f57-bcfe-721aa0a7c23a: failed to insert pending batch audit log: pq: invalid input syntax for type uuid: ""
2026/08/15 09:51:59 AuditWorker: Error inserting event 0f951c6a-d368-48e8-bb33-961e4a51e3b2: failed to insert pending batch audit log: pq: invalid input syntax for type uuid: ""
2026/08/15 09:51:59 AuditWorker: Error inserting event b6c443a8-6482-45bd-888f-6a1a61bb69d1: failed to insert pending batch audit log: pq: invalid input syntax for type uuid: ""
2026/08/15 09:51:59 AuditWorker: Error inserting event 77e1e398-2285-4b09-90b7-e7e8b15ce563: failed to insert pending batch audit log: pq: invalid input syntax for type uuid: ""
2026/08/15 09:51:59 AuditWorker: Error inserting event 2497c5e5-6c55-4c15-8e43-eb95236872f9: failed to insert pending batch audit log: pq: invalid input syntax for type uuid: "unknown"
2026/08/15 09:51:59 AuditWorker: Error inserting event d41d3d1b-30da-4f24-b58d-18105c2f4165: failed to insert pending batch audit log: pq: invalid input syntax for type uuid: ""
2026/08/15 09:51:59 AuditWorker: Error inserting event 8e51337f-d1e4-4f3f-8701-e78dde7441d7: failed to insert pending batch audit log: pq: invalid input syntax for type uuid: ""
2026/08/15 09:51:59 AuditWorker: Error inserting event 49327a63-8e46-4488-8cb6-e4667e51414f: failed to insert pending batch audit log: pq: invalid input syntax for type uuid: "unknown"
2026/08/15 09:51:59 AuditWorker: Error inserting event 3fae9265-a26d-4485-90c8-4d59bc25588c: failed to insert pending batch audit log: pq: invalid input syntax for type uuid: "unknown"
2026/08/15 09:51:59 AuditWorker: Error inserting event 94db57aa-8e53-4985-bbfc-7abbffbd9594: failed to insert pending batch audit log: pq: invalid input syntax for type uuid: ""
2026/08/15 09:51:59 AuditWorker: Error inserting event 29ac45da-3148-41f8-a027-bd065aa41e72: failed to insert pending batch audit log: pq: invalid input syntax for type uuid: "unknown"
2026/08/15 09:51:59 AuditWorker: Error inserting event 03564239-f7f2-44cd-a8a7-f4c7a7d8f232: failed to insert pending batch audit log: pq: invalid input syntax for type uuid: ""
2026/08/15 09:51:59 AuditWorker: Error inserting event 4b122fde-8568-4c6f-b7f2-c08a93932c50: failed to insert pending batch audit log: pq: invalid input syntax for type uuid: ""
2026/08/15 09:51:59 AuditWorker: Error inserting event 2373dae0-f271-49e6-ad1c-ce534e43fd5a: failed to insert pending batch audit log: pq: invalid input syntax for type uuid: "unknown"
2026/08/15 09:51:59 AuditWorker: Error inserting event 5998d9f4-5a73-4722-b980-01ceca38d9e8: failed to insert pending batch audit log: pq: invalid input syntax for type uuid: "unknown"
2026/08/15 09:51:59 AuditWorker: Error inserting event 6a7baeba-a8d4-40e1-a713-9a51c3bb06fb: failed to insert pending batch audit log: pq: invalid input syntax for type uuid: ""
2026/08/15 09:51:59 AuditWorker: Error inserting event 7e556aad-6b25-4d03-9425-b399e87a2189: failed to insert pending batch audit log: pq: invalid input syntax for type uuid: "unknown"
2026/08/15 09:51:59 AuditWorker: Error inserting event efe5c97c-b084-468e-8ac0-62e8e83beb0e: failed to insert pending batch audit log: pq: invalid input syntax for type uuid: ""
2026/08/15 09:51:59 AuditWorker: Error inserting event 768abb7b-2cd5-4dd4-a886-3d2e9dd2df32: failed to insert pending batch audit log: pq: invalid input syntax for type uuid: "unknown"
2026/08/15 09:51:59 AuditWorker: Error inserting event 76e04477-4eef-40a2-a81e-113fa6104ab9: failed to insert pending batch audit log: pq: invalid input syntax for type uuid: "unknown"
2026/08/15 09:51:59 AuditWorker: Error inserting event 097633ec-594f-4b05-8aca-ed0adfacf3d6: failed to insert pending batch audit log: pq: invalid input syntax for type uuid: "unknown"
2026/08/15 09:51:59 AuditWorker: Error inserting event 874182b2-5424-4eb1-81aa-d40f8a3df5ac: failed to insert pending batch audit log: pq: invalid input syntax for type uuid: "unknown"
2026/08/15 09:51:59 AuditWorker: Error inserting event d0dd192f-e1ce-4784-ba36-0badd0c92124: failed to insert pending batch audit log: pq: invalid input syntax for type uuid: "unknown"
2026/08/15 09:51:59 AuditWorker: Error inserting event 5d804547-0299-4d43-a3e1-f8c4b7298710: failed to insert pending batch audit log: pq: invalid input syntax for type uuid: "unknown"
2026/08/15 09:51:59 AuditWorker: Error inserting event a8e27536-31bb-4330-91df-f4570ae02c8f: failed to insert pending batch audit log: pq: invalid input syntax for type uuid: "unknown"
2026/08/15 09:51:59 AuditWorker: Error inserting event 551fa9e4-08d0-4911-a52c-d321a6d652b9: failed to insert pending batch audit log: pq: invalid input syntax for type uuid: "unknown"
2026/08/15 09:51:59 AuditWorker: Error inserting event d88d3a04-1d36-44d8-9f9f-72441b1007cb: failed to insert pending batch audit log: pq: invalid input syntax for type uuid: "unknown"
2026/08/15 09:51:59 AuditWorker: Error inserting event 8a3cd69c-c222-4fae-8d43-f8b448ec8694: failed to insert pending batch audit log: pq: invalid input syntax for type uuid: ""
2026/08/15 09:51:59 AuditWorker: Error inserting event 613660cc-ff8a-4c62-b555-a14a5b68bedb: failed to insert pending batch audit log: pq: invalid input syntax for type uuid: ""
2026/08/15 09:51:59 AuditWorker: Error inserting event 5c0b9de6-8bfc-4a84-9aef-b269216e906e: failed to insert pending batch audit log: pq: invalid input syntax for type uuid: ""
2026/08/15 09:51:59 AuditWorker: Error inserting event c7d96929-338a-4a4c-8d18-a8d9ed5a427a: failed to insert pending batch audit log: pq: invalid input syntax for type uuid: ""
2026/08/15 09:51:59 AuditWorker: Error inserting event a22b110f-7c3d-4f57-bcfe-721aa0a7c23a: failed to insert pending batch audit log: pq: invalid input syntax for type uuid: ""
2026/08/15 09:51:59 AuditWorker: Error inserting event 0f951c6a-d368-48e8-bb33-961e4a51e3b2: failed to insert pending batch audit log: pq: invalid input syntax for type uuid: ""
2026/08/15 09:51:59 AuditWorker: Error inserting event b6c443a8-6482-45bd-888f-6a1a61bb69d1: failed to insert pending batch audit log: pq: invalid input syntax for type uuid: ""
2026/08/15 09:51:59 AuditWorker: Error inserting event 77e1e398-2285-4b09-90b7-e7e8b15ce563: failed to insert pending batch audit log: pq: invalid input syntax for type uuid: ""
2026/08/15 09:51:59 AuditWorker: Error inserting event 2497c5e5-6c55-4c15-8e43-eb95236872f9: failed to insert pending batch audit log: pq: invalid input syntax for type uuid: "unknown"
2026/08/15 09:51:59 AuditWorker: Error inserting event d41d3d1b-30da-4f24-b58d-18105c2f4165: failed to insert pending batch audit log: pq: invalid input syntax for type uuid: ""
2026/08/15 09:51:59 AuditWorker: Error inserting event 8e51337f-d1e4-4f3f-8701-e78dde7441d7: failed to insert pending batch audit log: pq: invalid input syntax for type uuid: ""
2026/08/15 09:51:59 AuditWorker: Error inserting event 49327a63-8e46-4488-8cb6-e4667e51414f: failed to insert pending batch audit log: pq: invalid input syntax for type uuid: "unknown"
2026/08/15 09:51:59 AuditWorker: Error inserting event 3fae9265-a26d-4485-90c8-4d59bc25588c: failed to insert pending batch audit log: pq: invalid input syntax for type uuid: "unknown"
2026/08/15 09:51:59 AuditWorker: Error inserting event 94db57aa-8e53-4985-bbfc-7abbffbd9594: failed to insert pending batch audit log: pq: invalid input syntax for type uuid: ""
2026/08/15 09:51:59 AuditWorker: Error inserting event 29ac45da-3148-41f8-a027-bd065aa41e72: failed to insert pending batch audit log: pq: invalid input syntax for type uuid: "unknown"
2026/08/15 09:51:59 AuditWorker: Error inserting event 03564239-f7f2-44cd-a8a7-f4c7a7d8f232: failed to insert pending batch audit log: pq: invalid input syntax for type uuid: ""
2026/08/15 09:51:59 AuditWorker: Error inserting event 4b122fde-8568-4c6f-b7f2-c08a93932c50: failed to insert pending batch audit log: pq: invalid input syntax for type uuid: ""
2026/08/15 09:51:59 AuditWorker: Error inserting event 2373dae0-f271-49e6-ad1c-ce534e43fd5a: failed to insert pending batch audit log: pq: invalid input syntax for type uuid: "unknown"
2026/08/15 09:51:59 AuditWorker: Error inserting event 5998d9f4-5a73-4722-b980-01ceca38d9e8: failed to insert pending batch audit log: pq: invalid input syntax for type uuid: "unknown"
2026/08/15 09:51:59 AuditWorker: Error inserting event 6a7baeba-a8d4-40e1-a713-9a51c3bb06fb: failed to insert pending batch audit log: pq: invalid input syntax for type uuid: ""
2026/08/15 09:51:59 AuditWorker: Error inserting event 7e556aad-6b25-4d03-9425-b399e87a2189: failed to insert pending batch audit log: pq: invalid input syntax for type uuid: "unknown"
2026/08/15 09:51:59 AuditWorker: Error inserting event efe5c97c-b084-468e-8ac0-62e8e83beb0e: failed to insert pending batch audit log: pq: invalid input syntax for type uuid: ""
2026/08/15 09:51:59 AuditWorker: Error inserting event 768abb7b-2cd5-4dd4-a886-3d2e9dd2df32: failed to insert pending batch audit log: pq: invalid input syntax for type uuid: "unknown"
2026/08/15 09:51:59 AuditWorker: Error inserting event 76e04477-4eef-40a2-a81e-113fa6104ab9: failed to insert pending batch audit log: pq: invalid input syntax for type uuid: "unknown"
2026/08/15 09:51:59 AuditWorker: Error inserting event 097633ec-594f-4b05-8aca-ed0adfacf3d6: failed to insert pending batch audit log: pq: invalid input syntax for type uuid: "unknown"
2026/08/15 09:51:59 AuditWorker: Error inserting event 874182b2-5424-4eb1-81aa-d40f8a3df5ac: failed to insert pending batch audit log: pq: invalid input syntax for type uuid: "unknown"
2026/08/15 09:51:59 AuditWorker: Error inserting event d0dd192f-e1ce-4784-ba36-0badd0c92124: failed to insert pending batch audit log: pq: invalid input syntax for type uuid: "unknown"
2026/08/15 09:51:59 AuditWorker: Error inserting event 5d804547-0299-4d43-a3e1-f8c4b7298710: failed to insert pending batch audit log: pq: invalid input syntax for type uuid: "unknown"
2026/08/15 09:51:59 AuditWorker: Error inserting event a8e27536-31bb-4330-91df-f4570ae02c8f: failed to insert pending batch audit log: pq: invalid input syntax for type uuid: "unknown"
2026/08/15 09:51:59 AuditWorker: Error inserting event 551fa9e4-08d0-4911-a52c-d321a6d652b9: failed to insert pending batch audit log: pq: invalid input syntax for type uuid: "unknown"
2026/08/15 09:51:59 AuditWorker: Error inserting event d88d3a04-1d36-44d8-9f9f-72441b1007cb: failed to insert pending batch audit log: pq: invalid input syntax for type uuid: "unknown"
2026/08/15 09:51:59 AuditWorker: Error inserting event 8a3cd69c-c222-4fae-8d43-f8b448ec8694: failed to insert pending batch audit log: pq: invalid input syntax for type uuid: ""
2026/08/15 09:51:59 AuditWorker: Error inserting event 613660cc-ff8a-4c62-b555-a14a5b68bedb: failed to insert pending batch audit log: pq: invalid input syntax for type uuid: ""
2026/08/15 09:51:59 AuditWorker: Error inserting event 5c0b9de6-8bfc-4a84-9aef-b269216e906e: failed to insert pending batch audit log: pq: invalid input syntax for type uuid: ""
2026/08/15 09:51:59 AuditWorker: Error inserting event c7d96929-338a-4a4c-8d18-a8d9ed5a427a: failed to insert pending batch audit log: pq: invalid input syntax for type uuid: ""
2026/08/15 09:51:59 AuditWorker: Error inserting event a22b110f-7c3d-4f57-bcfe-721aa0a7c23a: failed to insert pending batch audit log: pq: invalid input syntax for type uuid: ""
2026/08/15 09:51:59 AuditWorker: Error inserting event 0f951c6a-d368-48e8-bb33-961e4a51e3b2: failed to insert pending batch audit log: pq: invalid input syntax for type uuid: ""
2026/08/15 09:51:59 AuditWorker: Error inserting event b6c443a8-6482-45bd-888f-6a1a61bb69d1: failed to insert pending batch audit log: pq: invalid input syntax for type uuid: ""
2026/08/15 09:51:59 AuditWorker: Error inserting event 77e1e398-2285-4b09-90b7-e7e8b15ce563: failed to insert pending batch audit log: pq: invalid input syntax for type uuid: ""
2026/08/15 09:51:59 AuditWorker: Error inserting event 2497c5e5-6c55-4c15-8e43-eb95236872f9: failed to insert pending batch audit log: pq: invalid input syntax for type uuid: "unknown"
2026/08/15 09:51:59 AuditWorker: Error inserting event d41d3d1b-30da-4f24-b58d-18105c2f4165: failed to insert pending batch audit log: pq: invalid input syntax for type uuid: ""
2026/08/15 09:51:59 AuditWorker: Error inserting event 8e51337f-d1e4-4f3f-8701-e78dde7441d7: failed to insert pending batch audit log: pq: invalid input syntax for type uuid: ""
2026/08/15 09:51:59 AuditWorker: Error inserting event 49327a63-8e46-4488-8cb6-e4667e51414f: failed to insert pending batch audit log: pq: invalid input syntax for type uuid: "unknown"
2026/08/15 09:51:59 AuditWorker: Error inserting event 3fae9265-a26d-4485-90c8-4d59bc25588c: failed to insert pending batch audit log: pq: invalid input syntax for type uuid: "unknown"
2026/08/15 09:51:59 AuditWorker: Error inserting event 94db57aa-8e53-4985-bbfc-7abbffbd9594: failed to insert pending batch audit log: pq: invalid input syntax for type uuid: ""
2026/08/15 09:51:59 AuditWorker: Error inserting event 29ac45da-3148-41f8-a027-bd065aa41e72: failed to insert pending batch audit log: pq: invalid input syntax for type uuid: "unknown"
2026/08/15 09:51:59 AuditWorker: Error inserting event 03564239-f7f2-44cd-a8a7-f4c7a7d8f232: failed to insert pending batch audit log: pq: invalid input syntax for type uuid: ""
2026/08/15 09:51:59 AuditWorker: Error inserting event 4b122fde-8568-4c6f-b7f2-c08a93932c50: failed to insert pending batch audit log: pq: invalid input syntax for type uuid: ""
2026/08/15 09:51:59 AuditWorker: Error inserting event 2373dae0-f271-49e6-ad1c-ce534e43fd5a: failed to insert pending batch audit log: pq: invalid input syntax for type uuid: "unknown"
2026/08/15 09:51:59 AuditWorker: Error inserting event 5998d9f4-5a73-4722-b980-01ceca38d9e8: failed to insert pending batch audit log: pq: invalid input syntax for type uuid: "unknown"
2026/08/15 09:51:59 AuditWorker: Error inserting event 6a7baeba-a8d4-40e1-a713-9a51c3bb06fb: failed to insert pending batch audit log: pq: invalid input syntax for type uuid: ""
2026/08/15 09:51:59 AuditWorker: Error inserting event 7e556aad-6b25-4d03-9425-b399e87a2189: failed to insert pending batch audit log: pq: invalid input syntax for type uuid: "unknown"
2026/08/15 09:51:59 AuditWorker: Error inserting event efe5c97c-b084-468e-8ac0-62e8e83beb0e: failed to insert pending batch audit log: pq: invalid input syntax for type uuid: ""
2026/08/15 09:51:59 AuditWorker: Error inserting event 768abb7b-2cd5-4dd4-a886-3d2e9dd2df32: failed to insert pending batch audit log: pq: invalid input syntax for type uuid: "unknown"
2026/08/15 09:51:59 AuditWorker: Error inserting event 76e04477-4eef-40a2-a81e-113fa6104ab9: failed to insert pending batch audit log: pq: invalid input syntax for type uuid: "unknown"
2026/08/15 09:51:59 AuditWorker: Error inserting event 097633ec-594f-4b05-8aca-ed0adfacf3d6: failed to insert pending batch audit log: pq: invalid input syntax for type uuid: "unknown"
2026/08/15 09:51:59 AuditWorker: Error inserting event 874182b2-5424-4eb1-81aa-d40f8a3df5ac: failed to insert pending batch audit log: pq: invalid input syntax for type uuid: "unknown"
2026/08/15 09:51:59 AuditWorker: Error inserting event d0dd192f-e1ce-4784-ba36-0badd0c92124: failed to insert pending batch audit log: pq: invalid input syntax for type uuid: "unknown"
2026/08/15 09:51:59 AuditWorker: Error inserting event 5d804547-0299-4d43-a3e1-f8c4b7298710: failed to insert pending batch audit log: pq: invalid input syntax for type uuid: "unknown"
2026/08/15 09:51:59 AuditWorker: Error inserting event a8e27536-31bb-4330-91df-f4570ae02c8f: failed to insert pending batch audit log: pq: invalid input syntax for type uuid: "unknown"
2026/08/15 09:51:59 AuditWorker: Error inserting event 551fa9e4-08d0-4911-a52c-d321a6d652b9: failed to insert pending batch audit log: pq: invalid input syntax for type uuid: "unknown"
2026/08/15 09:51:59 AuditWorker: Error inserting event d88d3a04-1d36-44d8-9f9f-72441b1007cb: failed to insert pending batch audit log: pq: invalid input syntax for type uuid: "unknown"
2026/08/15 09:51:59 AuditWorker: Error inserting event 8a3cd69c-c222-4fae-8d43-f8b448ec8694: failed to insert pending batch audit log: pq: invalid input syntax for type uuid: ""
2026/08/15 09:51:59 AuditWorker: Error inserting event 613660cc-ff8a-4c62-b555-a14a5b68bedb: failed to insert pending batch audit log: pq: invalid input syntax for type uuid: ""
2026/08/15 09:51:59 AuditWorker: Error inserting event 5c0b9de6-8bfc-4a84-9aef-b269216e906e: failed to insert pending batch audit log: pq: invalid input syntax for type uuid: ""
2026/08/15 09:51:59 AuditWorker: Error inserting event c7d96929-338a-4a4c-8d18-a8d9ed5a427a: failed to insert pending batch audit log: pq: invalid input syntax for type uuid: ""
2026/08/15 09:51:59 AuditWorker: Error inserting event a22b110f-7c3d-4f57-bcfe-721aa0a7c23a: failed to insert pending batch audit log: pq: invalid input syntax for type uuid: ""
2026/08/15 09:51:59 AuditWorker: Error inserting event 0f951c6a-d368-48e8-bb33-961e4a51e3b2: failed to insert pending batch audit log: pq: invalid input syntax for type uuid: ""
2026/08/15 09:51:59 AuditWorker: Error inserting event b6c443a8-6482-45bd-888f-6a1a61bb69d1: failed to insert pending batch audit log: pq: invalid input syntax for type uuid: ""
2026/08/15 09:51:59 AuditWorker: Error inserting event 77e1e398-2285-4b09-90b7-e7e8b15ce563: failed to insert pending batch audit log: pq: invalid input syntax for type uuid: ""
2026/08/15 09:51:59 AuditWorker: Error inserting event 2497c5e5-6c55-4c15-8e43-eb95236872f9: failed to insert pending batch audit log: pq: invalid input syntax for type uuid: "unknown"
2026/08/15 09:51:59 AuditWorker: Error inserting event d41d3d1b-30da-4f24-b58d-18105c2f4165: failed to insert pending batch audit log: pq: invalid input syntax for type uuid: ""
2026/08/15 09:51:59 AuditWorker: Error inserting event 8e51337f-d1e4-4f3f-8701-e78dde7441d7: failed to insert pending batch audit log: pq: invalid input syntax for type uuid: ""
2026/08/15 09:51:59 AuditWorker: Error inserting event 49327a63-8e46-4488-8cb6-e4667e51414f: failed to insert pending batch audit log: pq: invalid input syntax for type uuid: "unknown"
2026/08/15 09:51:59 AuditWorker: Error inserting event 3fae9265-a26d-4485-90c8-4d59bc25588c: failed to insert pending batch audit log: pq: invalid input syntax for type uuid: "unknown"
2026/08/15 09:51:59 AuditWorker: Error inserting event 94db57aa-8e53-4985-bbfc-7abbffbd9594: failed to insert pending batch audit log: pq: invalid input syntax for type uuid: ""
2026/08/15 09:51:59 AuditWorker: Error inserting event 29ac45da-3148-41f8-a027-bd065aa41e72: failed to insert pending batch audit log: pq: invalid input syntax for type uuid: "unknown"
2026/08/15 09:51:59 AuditWorker: Error inserting event 03564239-f7f2-44cd-a8a7-f4c7a7d8f232: failed to insert pending batch audit log: pq: invalid input syntax for type uuid: ""
2026/08/15 09:51:59 AuditWorker: Error inserting event 4b122fde-8568-4c6f-b7f2-c08a93932c50: failed to insert pending batch audit log: pq: invalid input syntax for type uuid: ""
2026/08/15 09:51:59 AuditWorker: Error inserting event 2373dae0-f271-49e6-ad1c-ce534e43fd5a: failed to insert pending batch audit log: pq: invalid input syntax for type uuid: "unknown"
2026/08/15 09:51:59 AuditWorker: Error inserting event 5998d9f4-5a73-4722-b980-01ceca38d9e8: failed to insert pending batch audit log: pq: invalid input syntax for type uuid: "unknown"
2026/08/15 09:51:59 AuditWorker: Error inserting event 6a7baeba-a8d4-40e1-a713-9a51c3bb06fb: failed to insert pending batch audit log: pq: invalid input syntax for type uuid: ""
2026/08/15 09:51:59 AuditWorker: Error inserting event 7e556aad-6b25-4d03-9425-b399e87a2189: failed to insert pending batch audit log: pq: invalid input syntax for type uuid: "unknown"
2026/08/15 09:51:59 AuditWorker: Error inserting event efe5c97c-b084-468e-8ac0-62e8e83beb0e: failed to insert pending batch audit log: pq: invalid input syntax for type uuid: ""
2026/08/15 09:51:59 AuditWorker: Error inserting event 768abb7b-2cd5-4dd4-a886-3d2e9dd2df32: failed to insert pending batch audit log: pq: invalid input syntax for type uuid: "unknown"
2026/08/15 09:51:59 AuditWorker: Error inserting event 76e04477-4eef-40a2-a81e-113fa6104ab9: failed to insert pending batch audit log: pq: invalid input syntax for type uuid: "unknown"
2026/08/15 09:51:59 AuditWorker: Error inserting event 097633ec-594f-4b05-8aca-ed0adfacf3d6: failed to insert pending batch audit log: pq: invalid input syntax for type uuid: "unknown"
2026/08/15 09:51:59 AuditWorker: Error inserting event 874182b2-5424-4eb1-81aa-d40f8a3df5ac: failed to insert pending batch audit log: pq: invalid input syntax for type uuid: "unknown"
2026/08/15 09:51:59 AuditWorker: Error inserting event d0dd192f-e1ce-4784-ba36-0badd0c92124: failed to insert pending batch audit log: pq: invalid input syntax for type uuid: "unknown"
2026/08/15 09:51:59 AuditWorker: Error inserting event 5d804547-0299-4d43-a3e1-f8c4b7298710: failed to insert pending batch audit log: pq: invalid input syntax for type uuid: "unknown"
2026/08/15 09:51:59 AuditWorker: Error inserting event a8e27536-31bb-4330-91df-f4570ae02c8f: failed to insert pending batch audit log: pq: invalid input syntax for type uuid: "unknown"
2026/08/15 09:51:59 AuditWorker: Error inserting event 551fa9e4-08d0-4911-a52c-d321a6d652b9: failed to insert pending batch audit log: pq: invalid input syntax for type uuid: "unknown"
2026/08/15 09:51:59 AuditWorker: Error inserting event d88d3a04-1d36-44d8-9f9f-72441b1007cb: failed to insert pending batch audit log: pq: invalid input syntax for type uuid: "unknown"
2026/08/15 09:51:59 AuditWorker: Error inserting event 8a3cd69c-c222-4fae-8d43-f8b448ec8694: failed to insert pending batch audit log: pq: invalid input syntax for type uuid: ""
2026/08/15 09:51:59 AuditWorker: Error inserting event 613660cc-ff8a-4c62-b555-a14a5b68bedb: failed to insert pending batch audit log: pq: invalid input syntax for type uuid: ""
2026/08/15 09:51:59 AuditWorker: Error inserting event 5c0b9de6-8bfc-4a84-9aef-b269216e906e: failed to insert pending batch audit log: pq: invalid input syntax for type uuid: ""
2026/08/15 09:51:59 AuditWorker: Error inserting event c7d96929-338a-4a4c-8d18-a8d9ed5a427a: failed to insert pending batch audit log: pq: invalid input syntax for type uuid: ""
2026/08/15 09:51:59 AuditWorker: Error inserting event a22b110f-7c3d-4f57-bcfe-721aa0a7c23a: failed to insert pending batch audit log: pq: invalid input syntax for type uuid: ""
2026/08/15 09:51:59 AuditWorker: Error inserting event 0f951c6a-d368-48e8-bb33-961e4a51e3b2: failed to insert pending batch audit log: pq: invalid input syntax for type uuid: ""
2026/08/15 09:51:59 AuditWorker: Error inserting event b6c443a8-6482-45bd-888f-6a1a61bb69d1: failed to insert pending batch audit log: pq: invalid input syntax for type uuid: ""
2026/08/15 09:51:59 AuditWorker: Error inserting event 77e1e398-2285-4b09-90b7-e7e8b15ce563: failed to insert pending batch audit log: pq: invalid input syntax for type uuid: ""
2026/08/15 09:51:59 AuditWorker: Error inserting event 2497c5e5-6c55-4c15-8e43-eb95236872f9: failed to insert pending batch audit log: pq: invalid input syntax for type uuid: "unknown"
2026/08/15 09:51:59 AuditWorker: Error inserting event d41d3d1b-30da-4f24-b58d-18105c2f4165: failed to insert pending batch audit log: pq: invalid input syntax for type uuid: ""
2026/08/15 09:51:59 AuditWorker: Error inserting event 8e51337f-d1e4-4f3f-8701-e78dde7441d7: failed to insert pending batch audit log: pq: invalid input syntax for type uuid: ""
2026/08/15 09:51:59 AuditWorker: Error inserting event 49327a63-8e46-4488-8cb6-e4667e51414f: failed to insert pending batch audit log: pq: invalid input syntax for type uuid: "unknown"
2026/08/15 09:51:59 AuditWorker: Error inserting event 3fae9265-a26d-4485-90c8-4d59bc25588c: failed to insert pending batch audit log: pq: invalid input syntax for type uuid: "unknown"
2026/08/15 09:51:59 AuditWorker: Error inserting event 94db57aa-8e53-4985-bbfc-7abbffbd9594: failed to insert pending batch audit log: pq: invalid input syntax for type uuid: ""
2026/08/15 09:51:59 AuditWorker: Error inserting event 29ac45da-3148-41f8-a027-bd065aa41e72: failed to insert pending batch audit log: pq: invalid input syntax for type uuid: "unknown"
2026/08/15 09:51:59 AuditWorker: Error inserting event 03564239-f7f2-44cd-a8a7-f4c7a7d8f232: failed to insert pending batch audit log: pq: invalid input syntax for type uuid: ""
2026/08/15 09:51:59 AuditWorker: Error inserting event 4b122fde-8568-4c6f-b7f2-c08a93932c50: failed to insert pending batch audit log: pq: invalid input syntax for type uuid: ""
2026/08/15 09:51:59 AuditWorker: Error inserting event 2373dae0-f271-49e6-ad1c-ce534e43fd5a: failed to insert pending batch audit log: pq: invalid input syntax for type uuid: "unknown"
2026/08/15 09:51:59 AuditWorker: Error inserting event 5998d9f4-5a73-4722-b980-01ceca38d9e8: failed to insert pending batch audit log: pq: invalid input syntax for type uuid: "unknown"
2026/08/15 09:51:59 AuditWorker: Error inserting event 6a7baeba-a8d4-40e1-a713-9a51c3bb06fb: failed to insert pending batch audit log: pq: invalid input syntax for type uuid: ""
2026/08/15 09:51:59 AuditWorker: Error inserting event 7e556aad-6b25-4d03-9425-b399e87a2189: failed to insert pending batch audit log: pq: invalid input syntax for type uuid: "unknown"
2026/08/15 09:51:59 AuditWorker: Error inserting event efe5c97c-b084-468e-8ac0-62e8e83beb0e: failed to insert pending batch audit log: pq: invalid input syntax for type uuid: ""
2026/08/15 09:51:59 AuditWorker: Error inserting event 768abb7b-2cd5-4dd4-a886-3d2e9dd2df32: failed to insert pending batch audit log: pq: invalid input syntax for type uuid: "unknown"
2026/08/15 09:51:59 AuditWorker: Error inserting event 76e04477-4eef-40a2-a81e-113fa6104ab9: failed to insert pending batch audit log: pq: invalid input syntax for type uuid: "unknown"
2026/08/15 09:51:59 AuditWorker: Error inserting event 097633ec-594f-4b05-8aca-ed0adfacf3d6: failed to insert pending batch audit log: pq: invalid input syntax for type uuid: "unknown"
2026/08/15 09:51:59 AuditWorker: Error inserting event 874182b2-5424-4eb1-81aa-d40f8a3df5ac: failed to insert pending batch audit log: pq: invalid input syntax for type uuid: "unknown"
2026/08/15 09:51:59 AuditWorker: Error inserting event d0dd192f-e1ce-4784-ba36-0badd0c92124: failed to insert pending batch audit log: pq: invalid input syntax for type uuid: "unknown"
2026/08/15 09:51:59 AuditWorker: Error inserting event 5d804547-0299-4d43-a3e1-f8c4b7298710: failed to insert pending batch audit log: pq: invalid input syntax for type uuid: "unknown"
2026/08/15 09:51:59 AuditWorker: Error inserting event a8e27536-31bb-4330-91df-f4570ae02c8f: failed to insert pending batch audit log: pq: invalid input syntax for type uuid: "unknown"
2026/08/15 09:51:59 AuditWorker: Error inserting event 551fa9e4-08d0-4911-a52c-d321a6d652b9: failed to insert pending batch audit log: pq: invalid input syntax for type uuid: "unknown"
2026/08/15 09:51:59 AuditWorker: Error inserting event d88d3a04-1d36-44d8-9f9f-72441b1007cb: failed to insert pending batch audit log: pq: invalid input syntax for type uuid: "unknown"
2026/08/15 09:51:59 AuditWorker: Error inserting event 8a3cd69c-c222-4fae-8d43-f8b448ec8694: failed to insert pending batch audit log: pq: invalid input syntax for type uuid: ""
2026/08/15 09:51:59 AuditWorker: Error inserting event 613660cc-ff8a-4c62-b555-a14a5b68bedb: failed to insert pending batch audit log: pq: invalid input syntax for type uuid: ""
2026/08/15 09:51:59 AuditWorker: Error inserting event 5c0b9de6-8bfc-4a84-9aef-b269216e906e: failed to insert pending batch audit log: pq: invalid input syntax for type uuid: ""
2026/08/15 09:51:59 AuditWorker: Error inserting event c7d96929-338a-4a4c-8d18-a8d9ed5a427a: failed to insert pending batch audit log: pq: invalid input syntax for type uuid: ""
2026/08/15 09:51:59 AuditWorker: Error inserting event a22b110f-7c3d-4f57-bcfe-721aa0a7c23a: failed to insert pending batch audit log: pq: invalid input syntax for type uuid: ""
2026/08/15 09:51:59 AuditWorker: Error inserting event 0f951c6a-d368-48e8-bb33-961e4a51e3b2: failed to insert pending batch audit log: pq: invalid input syntax for type uuid: ""
2026/08/15 09:51:59 AuditWorker: Error inserting event b6c443a8-6482-45bd-888f-6a1a61bb69d1: failed to insert pending batch audit log: pq: invalid input syntax for type uuid: ""
2026/08/15 09:51:59 AuditWorker: Error inserting event 77e1e398-2285-4b09-90b7-e7e8b15ce563: failed to insert pending batch audit log: pq: invalid input syntax for type uuid: ""
2026/08/15 09:51:59 AuditWorker: Error inserting event 2497c5e5-6c55-4c15-8e43-eb95236872f9: failed to insert pending batch audit log: pq: invalid input syntax for type uuid: "unknown"
2026/08/15 09:51:59 AuditWorker: Error inserting event d41d3d1b-30da-4f24-b58d-18105c2f4165: failed to insert pending batch audit log: pq: invalid input syntax for type uuid: ""
2026/08/15 09:51:59 AuditWorker: Error inserting event 8e51337f-d1e4-4f3f-8701-e78dde7441d7: failed to insert pending batch audit log: pq: invalid input syntax for type uuid: ""
2026/08/15 09:51:59 AuditWorker: Error inserting event 49327a63-8e46-4488-8cb6-e4667e51414f: failed to insert pending batch audit log: pq: invalid input syntax for type uuid: "unknown"
2026/08/15 09:51:59 AuditWorker: Error inserting event 3fae9265-a26d-4485-90c8-4d59bc25588c: failed to insert pending batch audit log: pq: invalid input syntax for type uuid: "unknown"
2026/08/15 09:51:59 AuditWorker: Error inserting event 94db57aa-8e53-4985-bbfc-7abbffbd9594: failed to insert pending batch audit log: pq: invalid input syntax for type uuid: ""
2026/08/15 09:51:59 AuditWorker: Error inserting event 29ac45da-3148-41f8-a027-bd065aa41e72: failed to insert pending batch audit log: pq: invalid input syntax for type uuid: "unknown"
2026/08/15 09:51:59 AuditWorker: Error inserting event 03564239-f7f2-44cd-a8a7-f4c7a7d8f232: failed to insert pending batch audit log: pq: invalid input syntax for type uuid: ""
2026/08/15 09:51:59 AuditWorker: Error inserting event 4b122fde-8568-4c6f-b7f2-c08a93932c50: failed to insert pending batch audit log: pq: invalid input syntax for type uuid: ""
2026/08/15 09:51:59 AuditWorker: Error inserting event 2373dae0-f271-49e6-ad1c-ce534e43fd5a: failed to insert pending batch audit log: pq: invalid input syntax for type uuid: "unknown"
2026/08/15 09:51:59 AuditWorker: Error inserting event 5998d9f4-5a73-4722-b980-01ceca38d9e8: failed to insert pending batch audit log: pq: invalid input syntax for type uuid: "unknown"
2026/08/15 09:51:59 AuditWorker: Error inserting event 6a7baeba-a8d4-40e1-a713-9a51c3bb06fb: failed to insert pending batch audit log: pq: invalid input syntax for type uuid: ""
2026/08/15 09:51:59 AuditWorker: Error inserting event 7e556aad-6b25-4d03-9425-b399e87a2189: failed to insert pending batch audit log: pq: invalid input syntax for type uuid: "unknown"
2026/08/15 09:51:59 AuditWorker: Error inserting event efe5c97c-b084-468e-8ac0-62e8e83beb0e: failed to insert pending batch audit log: pq: invalid input syntax for type uuid: ""
2026/08/15 09:51:59 AuditWorker: Error inserting event 768abb7b-2cd5-4dd4-a886-3d2e9dd2df32: failed to insert pending batch audit log: pq: invalid input syntax for type uuid: "unknown"
2026/08/15 09:51:59 AuditWorker: Error inserting event 76e04477-4eef-40a2-a81e-113fa6104ab9: failed to insert pending batch audit log: pq: invalid input syntax for type uuid: "unknown"
2026/08/15 09:51:59 AuditWorker: Error inserting event 097633ec-594f-4b05-8aca-ed0adfacf3d6: failed to insert pending batch audit log: pq: invalid input syntax for type uuid: "unknown"
2026/08/15 09:51:59 AuditWorker: Error inserting event 874182b2-5424-4eb1-81aa-d40f8a3df5ac: failed to insert pending batch audit log: pq: invalid input syntax for type uuid: "unknown"
2026/08/15 09:51:59 AuditWorker: Error inserting event d0dd192f-e1ce-4784-ba36-0badd0c92124: failed to insert pending batch audit log: pq: invalid input syntax for type uuid: "unknown"
2026/08/15 09:51:59 AuditWorker: Error inserting event 5d804547-0299-4d43-a3e1-f8c4b7298710: failed to insert pending batch audit log: pq: invalid input syntax for type uuid: "unknown"
2026/08/15 09:51:59 AuditWorker: Error inserting event a8e27536-31bb-4330-91df-f4570ae02c8f: failed to insert pending batch audit log: pq: invalid input syntax for type uuid: "unknown"
2026/08/15 09:51:59 AuditWorker: Error inserting event 551fa9e4-08d0-4911-a52c-d321a6d652b9: failed to insert pending batch audit log: pq: invalid input syntax for type uuid: "unknown"
2026/08/15 09:51:59 AuditWorker: Error inserting event d88d3a04-1d36-44d8-9f9f-72441b1007cb: failed to insert pending batch audit log: pq: invalid input syntax for type uuid: "unknown"
2026/08/15 09:51:59 AuditWorker: Error inserting event 8a3cd69c-c222-4fae-8d43-f8b448ec8694: failed to insert pending batch audit log: pq: invalid input syntax for type uuid: ""
2026/08/15 09:51:59 AuditWorker: Error inserting event 613660cc-ff8a-4c62-b555-a14a5b68bedb: failed to insert pending batch audit log: pq: invalid input syntax for type uuid: ""
2026/08/15 09:51:59 AuditWorker: Error inserting event 5c0b9de6-8bfc-4a84-9aef-b269216e906e: failed to insert pending batch audit log: pq: invalid input syntax for type uuid: ""
2026/08/15 09:51:59 AuditWorker: Error inserting event c7d96929-338a-4a4c-8d18-a8d9ed5a427a: failed to insert pending batch audit log: pq: invalid input syntax for type uuid: ""
2026/08/15 09:51:59 AuditWorker: Error inserting event a22b110f-7c3d-4f57-bcfe-721aa0a7c23a: failed to insert pending batch audit log: pq: invalid input syntax for type uuid: ""
2026/08/15 09:51:59 AuditWorker: Error inserting event 0f951c6a-d368-48e8-bb33-961e4a51e3b2: failed to insert pending batch audit log: pq: invalid input syntax for type uuid: ""
2026/08/15 09:51:59 AuditWorker: Error inserting event b6c443a8-6482-45bd-888f-6a1a61bb69d1: failed to insert pending batch audit log: pq: invalid input syntax for type uuid: ""
2026/08/15 09:51:59 AuditWorker: Error inserting event 77e1e398-2285-4b09-90b7-e7e8b15ce563: failed to insert pending batch audit log: pq: invalid input syntax for type uuid: ""
2026/08/15 09:51:59 AuditWorker: Error inserting event 2497c5e5-6c55-4c15-8e43-eb95236872f9: failed to insert pending batch audit log: pq: invalid input syntax for type uuid: "unknown"
2026/08/15 09:51:59 AuditWorker: Error inserting event d41d3d1b-30da-4f24-b58d-18105c2f4165: failed to insert pending batch audit log: pq: invalid input syntax for type uuid: ""
2026/08/15 09:51:59 AuditWorker: Error inserting event 8e51337f-d1e4-4f3f-8701-e78dde7441d7: failed to insert pending batch audit log: pq: invalid input syntax for type uuid: ""
2026/08/15 09:51:59 AuditWorker: Error inserting event 49327a63-8e46-4488-8cb6-e4667e51414f: failed to insert pending batch audit log: pq: invalid input syntax for type uuid: "unknown"
2026/08/15 09:51:59 AuditWorker: Error inserting event 3fae9265-a26d-4485-90c8-4d59bc25588c: failed to insert pending batch audit log: pq: invalid input syntax for type uuid: "unknown"
2026/08/15 09:51:59 AuditWorker: Error inserting event 94db57aa-8e53-4985-bbfc-7abbffbd9594: failed to insert pending batch audit log: pq: invalid input syntax for type uuid: ""
2026/08/15 09:51:59 AuditWorker: Error inserting event 29ac45da-3148-41f8-a027-bd065aa41e72: failed to insert pending batch audit log: pq: invalid input syntax for type uuid: "unknown"
2026/08/15 09:51:59 AuditWorker: Error inserting event 03564239-f7f2-44cd-a8a7-f4c7a7d8f232: failed to insert pending batch audit log: pq: invalid input syntax for type uuid: ""
2026/08/15 09:51:59 AuditWorker: Error inserting event 4b122fde-8568-4c6f-b7f2-c08a93932c50: failed to insert pending batch audit log: pq: invalid input syntax for type uuid: ""
2026/08/15 09:51:59 AuditWorker: Error inserting event 2373dae0-f271-49e6-ad1c-ce534e43fd5a: failed to insert pending batch audit log: pq: invalid input syntax for type uuid: "unknown"
2026/08/15 09:51:59 AuditWorker: Error inserting event 5998d9f4-5a73-4722-b980-01ceca38d9e8: failed to insert pending batch audit log: pq: invalid input syntax for type uuid: "unknown"
2026/08/15 09:51:59 AuditWorker: Error inserting event 6a7baeba-a8d4-40e1-a713-9a51c3bb06fb: failed to insert pending batch audit log: pq: invalid input syntax for type uuid: ""
2026/08/15 09:51:59 AuditWorker: Error inserting event 7e556aad-6b25-4d03-9425-b399e87a2189: failed to insert pending batch audit log: pq: invalid input syntax for type uuid: "unknown"
2026/08/15 09:51:59 AuditWorker: Error inserting event efe5c97c-b084-468e-8ac0-62e8e83beb0e: failed to insert pending batch audit log: pq: invalid input syntax for type uuid: ""
2026/08/15 09:51:59 AuditWorker: Error inserting event 768abb7b-2cd5-4dd4-a886-3d2e9dd2df32: failed to insert pending batch audit log: pq: invalid input syntax for type uuid: "unknown"
2026/08/15 09:51:59 AuditWorker: Error inserting event 76e04477-4eef-40a2-a81e-113fa6104ab9: failed to insert pending batch audit log: pq: invalid input syntax for type uuid: "unknown"
2026/08/15 09:51:59 AuditWorker: Error inserting event 097633ec-594f-4b05-8aca-ed0adfacf3d6: failed to insert pending batch audit log: pq: invalid input syntax for type uuid: "unknown"
2026/08/15 09:51:59 AuditWorker: Error inserting event 874182b2-5424-4eb1-81aa-d40f8a3df5ac: failed to insert pending batch audit log: pq: invalid input syntax for type uuid: "unknown"
2026/08/15 09:51:59 AuditWorker: Error inserting event d0dd192f-e1ce-4784-ba36-0badd0c92124: failed to insert pending batch audit log: pq: invalid input syntax for type uuid: "unknown"
2026/08/15 09:51:59 AuditWorker: Error inserting event 5d804547-0299-4d43-a3e1-f8c4b7298710: failed to insert pending batch audit log: pq: invalid input syntax for type uuid: "unknown"
2026/08/15 09:51:59 AuditWorker: Error inserting event a8e27536-31bb-4330-91df-f4570ae02c8f: failed to insert pending batch audit log: pq: invalid input syntax for type uuid: "unknown"
2026/08/15 09:51:59 AuditWorker: Error inserting event 551fa9e4-08d0-4911-a52c-d321a6d652b9: failed to insert pending batch audit log: pq: invalid input syntax for type uuid: "unknown"
2026/08/15 09:51:59 AuditWorker: Error inserting event d88d3a04-1d36-44d8-9f9f-72441b1007cb: failed to insert pending batch audit log: pq: invalid input syntax for type uuid: "unknown"
2026/08/15 09:51:59 AuditWorker: Error inserting event 8a3cd69c-c222-4fae-8d43-f8b448ec8694: failed to insert pending batch audit log: pq: invalid input syntax for type uuid: ""
2026/08/15 09:51:59 AuditWorker: Error inserting event 613660cc-ff8a-4c62-b555-a14a5b68bedb: failed to insert pending batch audit log: pq: invalid input syntax for type uuid: ""
2026/08/15 09:51:59 AuditWorker: Error inserting event 5c0b9de6-8bfc-4a84-9aef-b269216e906e: failed to insert pending batch audit log: pq: invalid input syntax for type uuid: ""
2026/08/15 09:51:59 AuditWorker: Error inserting event c7d96929-338a-4a4c-8d18-a8d9ed5a427a: failed to insert pending batch audit log: pq: invalid input syntax for type uuid: ""
2026/08/15 09:51:59 AuditWorker: Error inserting event a22b110f-7c3d-4f57-bcfe-721aa0a7c23a: failed to insert pending batch audit log: pq: invalid input syntax for type uuid: ""
2026/08/15 09:51:59 AuditWorker: Error inserting event 0f951c6a-d368-48e8-bb33-961e4a51e3b2: failed to insert pending batch audit log: pq: invalid input syntax for type uuid: ""
2026/08/15 09:51:59 AuditWorker: Error inserting event b6c443a8-6482-45bd-888f-6a1a61bb69d1: failed to insert pending batch audit log: pq: invalid input syntax for type uuid: ""
2026/08/15 09:51:59 AuditWorker: Error inserting event 77e1e398-2285-4b09-90b7-e7e8b15ce563: failed to insert pending batch audit log: pq: invalid input syntax for type uuid: ""
2026/08/15 09:51:59 AuditWorker: Error inserting event 2497c5e5-6c55-4c15-8e43-eb95236872f9: failed to insert pending batch audit log: pq: invalid input syntax for type uuid: "unknown"
2026/08/15 09:51:59 AuditWorker: Error inserting event d41d3d1b-30da-4f24-b58d-18105c2f4165: failed to insert pending batch audit log: pq: invalid input syntax for type uuid: ""
2026/08/15 09:51:59 AuditWorker: Error inserting event 8e51337f-d1e4-4f3f-8701-e78dde7441d7: failed to insert pending batch audit log: pq: invalid input syntax for type uuid: ""
2026/08/15 09:51:59 AuditWorker: Error inserting event 49327a63-8e46-4488-8cb6-e4667e51414f: failed to insert pending batch audit log: pq: invalid input syntax for type uuid: "unknown"
2026/08/15 09:51:59 AuditWorker: Error inserting event 3fae9265-a26d-4485-90c8-4d59bc25588c: failed to insert pending batch audit log: pq: invalid input syntax for type uuid: "unknown"
2026/08/15 09:51:59 AuditWorker: Error inserting event 94db57aa-8e53-4985-bbfc-7abbffbd9594: failed to insert pending batch audit log: pq: invalid input syntax for type uuid: ""
2026/08/15 09:51:59 AuditWorker: Error inserting event 29ac45da-3148-41f8-a027-bd065aa41e72: failed to insert pending batch audit log: pq: invalid input syntax for type uuid: "unknown"
2026/08/15 09:51:59 AuditWorker: Error inserting event 03564239-f7f2-44cd-a8a7-f4c7a7d8f232: failed to insert pending batch audit log: pq: invalid input syntax for type uuid: ""
2026/08/15 09:51:59 AuditWorker: Error inserting event 4b122fde-8568-4c6f-b7f2-c08a93932c50: failed to insert pending batch audit log: pq: invalid input syntax for type uuid: ""
2026/08/15 09:51:59 AuditWorker: Error inserting event 2373dae0-f271-49e6-ad1c-ce534e43fd5a: failed to insert pending batch audit log: pq: invalid input syntax for type uuid: "unknown"
2026/08/15 09:51:59 AuditWorker: Error inserting event 5998d9f4-5a73-4722-b980-01ceca38d9e8: failed to insert pending batch audit log: pq: invalid input syntax for type uuid: "unknown"
2026/08/15 09:51:59 AuditWorker: Error inserting event 6a7baeba-a8d4-40e1-a713-9a51c3bb06fb: failed to insert pending batch audit log: pq: invalid input syntax for type uuid: ""
2026/08/15 09:51:59 AuditWorker: Error inserting event 7e556aad-6b25-4d03-9425-b399e87a2189: failed to insert pending batch audit log: pq: invalid input syntax for type uuid: "unknown"
2026/08/15 09:51:59 AuditWorker: Error inserting event efe5c97c-b084-468e-8ac0-62e8e83beb0e: failed to insert pending batch audit log: pq: invalid input syntax for type uuid: ""
2026/08/15 09:51:59 AuditWorker: Error inserting event 768abb7b-2cd5-4dd4-a886-3d2e9dd2df32: failed to insert pending batch audit log: pq: invalid input syntax for type uuid: "unknown"
2026/08/15 09:51:59 AuditWorker: Error inserting event 76e04477-4eef-40a2-a81e-113fa6104ab9: failed to insert pending batch audit log: pq: invalid input syntax for type uuid: "unknown"
2026/08/15 09:51:59 AuditWorker: Error inserting event 097633ec-594f-4b05-8aca-ed0adfacf3d6: failed to insert pending batch audit log: pq: invalid input syntax for type uuid: "unknown"
2026/08/15 09:51:59 AuditWorker: Error inserting event 874182b2-5424-4eb1-81aa-d40f8a3df5ac: failed to insert pending batch audit log: pq: invalid input syntax for type uuid: "unknown"
2026/08/15 09:51:59 AuditWorker: Error inserting event d0dd192f-e1ce-4784-ba36-0badd0c92124: failed to insert pending batch audit log: pq: invalid input syntax for type uuid: "unknown"
2026/08/15 09:51:59 AuditWorker: Error inserting event 5d804547-0299-4d43-a3e1-f8c4b7298710: failed to insert pending batch audit log: pq: invalid input syntax for type uuid: "unknown"
2026/08/15 09:51:59 AuditWorker: Error inserting event a8e27536-31bb-4330-91df-f4570ae02c8f: failed to insert pending batch audit log: pq: invalid input syntax for type uuid: "unknown"
2026/08/15 09:51:59 AuditWorker: Error inserting event 551fa9e4-08d0-4911-a52c-d321a6d652b9: failed to insert pending batch audit log: pq: invalid input syntax for type uuid: "unknown"
2026/08/15 09:51:59 AuditWorker: Error inserting event d88d3a04-1d36-44d8-9f9f-72441b1007cb: failed to insert pending batch audit log: pq: invalid input syntax for type uuid: "unknown"
2026/08/15 09:51:59 AuditWorker: Error inserting event 8a3cd69c-c222-4fae-8d43-f8b448ec8694: failed to insert pending batch audit log: pq: invalid input syntax for type uuid: ""
2026/08/15 09:51:59 AuditWorker: Error inserting event 613660cc-ff8a-4c62-b555-a14a5b68bedb: failed to insert pending batch audit log: pq: invalid input syntax for type uuid: ""
2026/08/15 09:51:59 AuditWorker: Error inserting event 5c0b9de6-8bfc-4a84-9aef-b269216e906e: failed to insert pending batch audit log: pq: invalid input syntax for type uuid: ""
2026/08/15 09:51:59 AuditWorker: Error inserting event c7d96929-338a-4a4c-8d18-a8d9ed5a427a: failed to insert pending batch audit log: pq: invalid input syntax for type uuid: ""
2026/08/15 09:51:59 AuditWorker: Error inserting event a22b110f-7c3d-4f57-bcfe-721aa0a7c23a: failed to insert pending batch audit log: pq: invalid input syntax for type uuid: ""
2026/08/15 09:51:59 AuditWorker: Error inserting event 0f951c6a-d368-48e8-bb33-961e4a51e3b2: failed to insert pending batch audit log: pq: invalid input syntax for type uuid: ""
2026/08/15 09:51:59 AuditWorker: Error inserting event b6c443a8-6482-45bd-888f-6a1a61bb69d1: failed to insert pending batch audit log: pq: invalid input syntax for type uuid: ""
2026/08/15 09:51:59 AuditWorker: Error inserting event 77e1e398-2285-4b09-90b7-e7e8b15ce563: failed to insert pending batch audit log: pq: invalid input syntax for type uuid: ""
2026/08/15 09:51:59 AuditWorker: Error inserting event 2497c5e5-6c55-4c15-8e43-eb95236872f9: failed to insert pending batch audit log: pq: invalid input syntax for type uuid: "unknown"
2026/08/15 09:51:59 AuditWorker: Error inserting event d41d3d1b-30da-4f24-b58d-18105c2f4165: failed to insert pending batch audit log: pq: invalid input syntax for type uuid: ""
2026/08/15 09:51:59 AuditWorker: Error inserting event 8e51337f-d1e4-4f3f-8701-e78dde7441d7: failed to insert pending batch audit log: pq: invalid input syntax for type uuid: ""
2026/08/15 09:51:59 AuditWorker: Error inserting event 49327a63-8e46-4488-8cb6-e4667e51414f: failed to insert pending batch audit log: pq: invalid input syntax for type uuid: "unknown"
2026/08/15 09:51:59 AuditWorker: Error inserting event 3fae9265-a26d-4485-90c8-4d59bc25588c: failed to insert pending batch audit log: pq: invalid input syntax for type uuid: "unknown"
2026/08/15 09:51:59 AuditWorker: Error inserting event 94db57aa-8e53-4985-bbfc-7abbffbd9594: failed to insert pending batch audit log: pq: invalid input syntax for type uuid: ""
2026/08/15 09:51:59 AuditWorker: Error inserting event 29ac45da-3148-41f8-a027-bd065aa41e72: failed to insert pending batch audit log: pq: invalid input syntax for type uuid: "unknown"
2026/08/15 09:51:59 AuditWorker: Error inserting event 03564239-f7f2-44cd-a8a7-f4c7a7d8f232: failed to insert pending batch audit log: pq: invalid input syntax for type uuid: ""
2026/08/15 09:51:59 AuditWorker: Error inserting event 4b122fde-8568-4c6f-b7f2-c08a93932c50: failed to insert pending batch audit log: pq: invalid input syntax for type uuid: ""
2026/08/15 09:51:59 AuditWorker: Error inserting event 2373dae0-f271-49e6-ad1c-ce534e43fd5a: failed to insert pending batch audit log: pq: invalid input syntax for type uuid: "unknown"
2026/08/15 09:51:59 AuditWorker: Error inserting event 5998d9f4-5a73-4722-b980-01ceca38d9e8: failed to insert pending batch audit log: pq: invalid input syntax for type uuid: "unknown"
2026/08/15 09:51:59 AuditWorker: Error inserting event 6a7baeba-a8d4-40e1-a713-9a51c3bb06fb: failed to insert pending batch audit log: pq: invalid input syntax for type uuid: ""
2026/08/15 09:51:59 AuditWorker: Error inserting event 7e556aad-6b25-4d03-9425-b399e87a2189: failed to insert pending batch audit log: pq: invalid input syntax for type uuid: "unknown"
2026/08/15 09:51:59 AuditWorker: Error inserting event efe5c97c-b084-468e-8ac0-62e8e83beb0e: failed to insert pending batch audit log: pq: invalid input syntax for type uuid: ""
2026/08/15 09:51:59 AuditWorker: Error inserting event 768abb7b-2cd5-4dd4-a886-3d2e9dd2df32: failed to insert pending batch audit log: pq: invalid input syntax for type uuid: "unknown"
2026/08/15 09:51:59 AuditWorker: Error inserting event 76e04477-4eef-40a2-a81e-113fa6104ab9: failed to insert pending batch audit log: pq: invalid input syntax for type uuid: "unknown"
2026/08/15 09:51:59 AuditWorker: Error inserting event 097633ec-594f-4b05-8aca-ed0adfacf3d6: failed to insert pending batch audit log: pq: invalid input syntax for type uuid: "unknown"
2026/08/15 09:51:59 AuditWorker: Error inserting event 874182b2-5424-4eb1-81aa-d40f8a3df5ac: failed to insert pending batch audit log: pq: invalid input syntax for type uuid: "unknown"
2026/08/15 09:51:59 AuditWorker: Error inserting event d0dd192f-e1ce-4784-ba36-0badd0c92124: failed to insert pending batch audit log: pq: invalid input syntax for type uuid: "unknown"
2026/08/15 09:51:59 AuditWorker: Error inserting event 5d804547-0299-4d43-a3e1-f8c4b7298710: failed to insert pending batch audit log: pq: invalid input syntax for type uuid: "unknown"
2026/08/15 09:51:59 AuditWorker: Error inserting event a8e27536-31bb-4330-91df-f4570ae02c8f: failed to insert pending batch audit log: pq: invalid input syntax for type uuid: "unknown"
2026/08/15 09:51:59 AuditWorker: Error inserting event 551fa9e4-08d0-4911-a52c-d321a6d652b9: failed to insert pending batch audit log: pq: invalid input syntax for type uuid: "unknown"
2026/08/15 09:51:59 AuditWorker: Error inserting event d88d3a04-1d36-44d8-9f9f-72441b1007cb: failed to insert pending batch audit log: pq: invalid input syntax for type uuid: "unknown"
2026/08/15 09:51:59 AuditWorker: Error inserting event 8a3cd69c-c222-4fae-8d43-f8b448ec8694: failed to insert pending batch audit log: pq: invalid input syntax for type uuid: ""
2026/08/15 09:51:59 AuditWorker: Error inserting event 613660cc-ff8a-4c62-b555-a14a5b68bedb: failed to insert pending batch audit log: pq: invalid input syntax for type uuid: ""
2026/08/15 09:51:59 AuditWorker: Error inserting event 5c0b9de6-8bfc-4a84-9aef-b269216e906e: failed to insert pending batch audit log: pq: invalid input syntax for type uuid: ""
2026/08/15 09:51:59 AuditWorker: Error inserting event c7d96929-338a-4a4c-8d18-a8d9ed5a427a: failed to insert pending batch audit log: pq: invalid input syntax for type uuid: ""
2026/08/15 09:51:59 AuditWorker: Error inserting event a22b110f-7c3d-4f57-bcfe-721aa0a7c23a: failed to insert pending batch audit log: pq: invalid input syntax for type uuid: ""
2026/08/15 09:51:59 AuditWorker: Error inserting event 0f951c6a-d368-48e8-bb33-961e4a51e3b2: failed to insert pending batch audit log: pq: invalid input syntax for type uuid: ""
2026/08/15 09:51:59 AuditWorker: Error inserting event b6c443a8-6482-45bd-888f-6a1a61bb69d1: failed to insert pending batch audit log: pq: invalid input syntax for type uuid: ""
2026/08/15 09:51:59 AuditWorker: Error inserting event 77e1e398-2285-4b09-90b7-e7e8b15ce563: failed to insert pending batch audit log: pq: invalid input syntax for type uuid: ""
2026/08/15 09:51:59 AuditWorker: Error inserting event 2497c5e5-6c55-4c15-8e43-eb95236872f9: failed to insert pending batch audit log: pq: invalid input syntax for type uuid: "unknown"
2026/08/15 09:51:59 AuditWorker: Error inserting event d41d3d1b-30da-4f24-b58d-18105c2f4165: failed to insert pending batch audit log: pq: invalid input syntax for type uuid: ""
2026/08/15 09:51:59 AuditWorker: Error inserting event 8e51337f-d1e4-4f3f-8701-e78dde7441d7: failed to insert pending batch audit log: pq: invalid input syntax for type uuid: ""
2026/08/15 09:51:59 AuditWorker: Error inserting event 49327a63-8e46-4488-8cb6-e4667e51414f: failed to insert pending batch audit log: pq: invalid input syntax for type uuid: "unknown"
2026/08/15 09:51:59 AuditWorker: Error inserting event 3fae9265-a26d-4485-90c8-4d59bc25588c: failed to insert pending batch audit log: pq: invalid input syntax for type uuid: "unknown"
2026/08/15 09:51:59 AuditWorker: Error inserting event 94db57aa-8e53-4985-bbfc-7abbffbd9594: failed to insert pending batch audit log: pq: invalid input syntax for type uuid: ""
2026/08/15 09:51:59 AuditWorker: Error inserting event 29ac45da-3148-41f8-a027-bd065aa41e72: failed to insert pending batch audit log: pq: invalid input syntax for type uuid: "unknown"
2026/08/15 09:51:59 AuditWorker: Error inserting event 03564239-f7f2-44cd-a8a7-f4c7a7d8f232: failed to insert pending batch audit log: pq: invalid input syntax for type uuid: ""
2026/08/15 09:51:59 AuditWorker: Error inserting event 4b122fde-8568-4c6f-b7f2-c08a93932c50: failed to insert pending batch audit log: pq: invalid input syntax for type uuid: ""
2026/08/15 09:51:59 AuditWorker: Error inserting event 2373dae0-f271-49e6-ad1c-ce534e43fd5a: failed to insert pending batch audit log: pq: invalid input syntax for type uuid: "unknown"
2026/08/15 09:51:59 AuditWorker: Error inserting event 5998d9f4-5a73-4722-b980-01ceca38d9e8: failed to insert pending batch audit log: pq: invalid input syntax for type uuid: "unknown"
2026/08/15 09:51:59 AuditWorker: Error inserting event 6a7baeba-a8d4-40e1-a713-9a51c3bb06fb: failed to insert pending batch audit log: pq: invalid input syntax for type uuid: ""
2026/08/15 09:51:59 AuditWorker: Error inserting event 7e556aad-6b25-4d03-9425-b399e87a2189: failed to insert pending batch audit log: pq: invalid input syntax for type uuid: "unknown"
2026/08/15 09:51:59 AuditWorker: Error inserting event efe5c97c-b084-468e-8ac0-62e8e83beb0e: failed to insert pending batch audit log: pq: invalid input syntax for type uuid: ""
2026/08/15 09:51:59 AuditWorker: Error inserting event 768abb7b-2cd5-4dd4-a886-3d2e9dd2df32: failed to insert pending batch audit log: pq: invalid input syntax for type uuid: "unknown"
2026/08/15 09:51:59 AuditWorker: Error inserting event 76e04477-4eef-40a2-a81e-113fa6104ab9: failed to insert pending batch audit log: pq: invalid input syntax for type uuid: "unknown"
2026/08/15 09:51:59 AuditWorker: Error inserting event 097633ec-594f-4b05-8aca-ed0adfacf3d6: failed to insert pending batch audit log: pq: invalid input syntax for type uuid: "unknown"
2026/08/15 09:51:59 AuditWorker: Error inserting event 874182b2-5424-4eb1-81aa-d40f8a3df5ac: failed to insert pending batch audit log: pq: invalid input syntax for type uuid: "unknown"
2026/08/15 09:51:59 AuditWorker: Error inserting event d0dd192f-e1ce-4784-ba36-0badd0c92124: failed to insert pending batch audit log: pq: invalid input syntax for type uuid: "unknown"
2026/08/15 09:51:59 AuditWorker: Error inserting event 5d804547-0299-4d43-a3e1-f8c4b7298710: failed to insert pending batch audit log: pq: invalid input syntax for type uuid: "unknown"
2026/08/15 09:51:59 AuditWorker: Error inserting event a8e27536-31bb-4330-91df-f4570ae02c8f: failed to insert pending batch audit log: pq: invalid input syntax for type uuid: "unknown"
2026/08/15 09:51:59 AuditWorker: Error inserting event 551fa9e4-08d0-4911-a52c-d321a6d652b9: failed to insert pending batch audit log: pq: invalid input syntax for type uuid: "unknown"
2026/08/15 09:51:59 AuditWorker: Error inserting event d88d3a04-1d36-44d8-9f9f-72441b1007cb: failed to insert pending batch audit log: pq: invalid input syntax for type uuid: "unknown"
2026/08/15 09:51:59 AuditWorker: Error inserting event 8a3cd69c-c222-4fae-8d43-f8b448ec8694: failed to insert pending batch audit log: pq: invalid input syntax for type uuid: ""
2026/08/15 09:51:59 AuditWorker: Error inserting event 613660cc-ff8a-4c62-b555-a14a5b68bedb: failed to insert pending batch audit log: pq: invalid input syntax for type uuid: ""
2026/08/15 09:51:59 AuditWorker: Error inserting event 5c0b9de6-8bfc-4a84-9aef-b269216e906e: failed to insert pending batch audit log: pq: invalid input syntax for type uuid: ""
2026/08/15 09:51:59 AuditWorker: Error inserting event c7d96929-338a-4a4c-8d18-a8d9ed5a427a: failed to insert pending batch audit log: pq: invalid input syntax for type uuid: ""
2026/08/15 09:51:59 AuditWorker: Error inserting event a22b110f-7c3d-4f57-bcfe-721aa0a7c23a: failed to insert pending batch audit log: pq: invalid input syntax for type uuid: ""
2026/08/15 09:51:59 AuditWorker: Error inserting event 0f951c6a-d368-48e8-bb33-961e4a51e3b2: failed to insert pending batch audit log: pq: invalid input syntax for type uuid: ""
2026/08/15 09:51:59 AuditWorker: Error inserting event b6c443a8-6482-45bd-888f-6a1a61bb69d1: failed to insert pending batch audit log: pq: invalid input syntax for type uuid: ""
2026/08/15 09:51:59 AuditWorker: Error inserting event 77e1e398-2285-4b09-90b7-e7e8b15ce563: failed to insert pending batch audit log: pq: invalid input syntax for type uuid: ""
2026/08/15 09:51:59 AuditWorker: Error inserting event 2497c5e5-6c55-4c15-8e43-eb95236872f9: failed to insert pending batch audit log: pq: invalid input syntax for type uuid: "unknown"
2026/08/15 09:51:59 AuditWorker: Error inserting event d41d3d1b-30da-4f24-b58d-18105c2f4165: failed to insert pending batch audit log: pq: invalid input syntax for type uuid: ""
2026/08/15 09:51:59 AuditWorker: Error inserting event 8e51337f-d1e4-4f3f-8701-e78dde7441d7: failed to insert pending batch audit log: pq: invalid input syntax for type uuid: ""
2026/08/15 09:51:59 AuditWorker: Error inserting event 49327a63-8e46-4488-8cb6-e4667e51414f: failed to insert pending batch audit log: pq: invalid input syntax for type uuid: "unknown"
2026/08/15 09:51:59 AuditWorker: Error inserting event 3fae9265-a26d-4485-90c8-4d59bc25588c: failed to insert pending batch audit log: pq: invalid input syntax for type uuid: "unknown"
2026/08/15 09:51:59 AuditWorker: Error inserting event 94db57aa-8e53-4985-bbfc-7abbffbd9594: failed to insert pending batch audit log: pq: invalid input syntax for type uuid: ""
2026/08/15 09:51:59 AuditWorker: Error inserting event 29ac45da-3148-41f8-a027-bd065aa41e72: failed to insert pending batch audit log: pq: invalid input syntax for type uuid: "unknown"
2026/08/15 09:51:59 AuditWorker: Error inserting event 03564239-f7f2-44cd-a8a7-f4c7a7d8f232: failed to insert pending batch audit log: pq: invalid input syntax for type uuid: ""
2026/08/15 09:51:59 AuditWorker: Error inserting event 4b122fde-8568-4c6f-b7f2-c08a93932c50: failed to insert pending batch audit log: pq: invalid input syntax for type uuid: ""
2026/08/15 09:51:59 AuditWorker: Error inserting event 2373dae0-f271-49e6-ad1c-ce534e43fd5a: failed to insert pending batch audit log: pq: invalid input syntax for type uuid: "unknown"
2026/08/15 09:51:59 AuditWorker: Error inserting event 5998d9f4-5a73-4722-b980-01ceca38d9e8: failed to insert pending batch audit log: pq: invalid input syntax for type uuid: "unknown"
2026/08/15 09:51:59 AuditWorker: Error inserting event 6a7baeba-a8d4-40e1-a713-9a51c3bb06fb: failed to insert pending batch audit log: pq: invalid input syntax for type uuid: ""
2026/08/15 09:51:59 AuditWorker: Error inserting event 7e556aad-6b25-4d03-9425-b399e87a2189: failed to insert pending batch audit log: pq: invalid input syntax for type uuid: "unknown"
2026/08/15 09:51:59 AuditWorker: Error inserting event efe5c97c-b084-468e-8ac0-62e8e83beb0e: failed to insert pending batch audit log: pq: invalid input syntax for type uuid: ""
2026/08/15 09:51:59 AuditWorker: Error inserting event 768abb7b-2cd5-4dd4-a886-3d2e9dd2df32: failed to insert pending batch audit log: pq: invalid input syntax for type uuid: "unknown"
2026/08/15 09:51:59 AuditWorker: Error inserting event 76e04477-4eef-40a2-a81e-113fa6104ab9: failed to insert pending batch audit log: pq: invalid input syntax for type uuid: "unknown"
2026/08/15 09:51:59 AuditWorker: Error inserting event 097633ec-594f-4b05-8aca-ed0adfacf3d6: failed to insert pending batch audit log: pq: invalid input syntax for type uuid: "unknown"
2026/08/15 09:51:59 AuditWorker: Error inserting event 874182b2-5424-4eb1-81aa-d40f8a3df5ac: failed to insert pending batch audit log: pq: invalid input syntax for type uuid: "unknown"
2026/08/15 09:51:59 AuditWorker: Error inserting event d0dd192f-e1ce-4784-ba36-0badd0c92124: failed to insert pending batch audit log: pq: invalid input syntax for type uuid: "unknown"
2026/08/15 09:51:59 AuditWorker: Error inserting event 5d804547-0299-4d43-a3e1-f8c4b7298710: failed to insert pending batch audit log: pq: invalid input syntax for type uuid: "unknown"
2026/08/15 09:51:59 AuditWorker: Error inserting event a8e27536-31bb-4330-91df-f4570ae02c8f: failed to insert pending batch audit log: pq: invalid input syntax for type uuid: "unknown"
2026/08/15 09:51:59 AuditWorker: Error inserting event 551fa9e4-08d0-4911-a52c-d321a6d652b9: failed to insert pending batch audit log: pq: invalid input syntax for type uuid: "unknown"
2026/08/15 09:52:00 AuditWorker: Error inserting event d88d3a04-1d36-44d8-9f9f-72441b1007cb: failed to insert pending batch audit log: pq: invalid input syntax for type uuid: "unknown"
2026/08/15 09:52:00 AuditWorker: Error inserting event 8a3cd69c-c222-4fae-8d43-f8b448ec8694: failed to insert pending batch audit log: pq: invalid input syntax for type uuid: ""
2026/08/15 09:52:00 AuditWorker: Error inserting event 613660cc-ff8a-4c62-b555-a14a5b68bedb: failed to insert pending batch audit log: pq: invalid input syntax for type uuid: ""
2026/08/15 09:52:00 AuditWorker: Error inserting event 5c0b9de6-8bfc-4a84-9aef-b269216e906e: failed to insert pending batch audit log: pq: invalid input syntax for type uuid: ""
2026/08/15 09:52:00 AuditWorker: Error inserting event c7d96929-338a-4a4c-8d18-a8d9ed5a427a: failed to insert pending batch audit log: pq: invalid input syntax for type uuid: ""
2026/08/15 09:52:00 AuditWorker: Error inserting event a22b110f-7c3d-4f57-bcfe-721aa0a7c23a: failed to insert pending batch audit log: pq: invalid input syntax for type uuid: ""
2026/08/15 09:52:00 AuditWorker: Error inserting event 0f951c6a-d368-48e8-bb33-961e4a51e3b2: failed to insert pending batch audit log: pq: invalid input syntax for type uuid: ""
2026/08/15 09:52:00 AuditWorker: Error inserting event b6c443a8-6482-45bd-888f-6a1a61bb69d1: failed to insert pending batch audit log: pq: invalid input syntax for type uuid: ""
2026/08/15 09:52:00 AuditWorker: Error inserting event 77e1e398-2285-4b09-90b7-e7e8b15ce563: failed to insert pending batch audit log: pq: invalid input syntax for type uuid: ""
2026/08/15 09:52:00 AuditWorker: Error inserting event 2497c5e5-6c55-4c15-8e43-eb95236872f9: failed to insert pending batch audit log: pq: invalid input syntax for type uuid: "unknown"
2026/08/15 09:52:00 AuditWorker: Error inserting event d41d3d1b-30da-4f24-b58d-18105c2f4165: failed to insert pending batch audit log: pq: invalid input syntax for type uuid: ""
2026/08/15 09:52:00 AuditWorker: Error inserting event 8e51337f-d1e4-4f3f-8701-e78dde7441d7: failed to insert pending batch audit log: pq: invalid input syntax for type uuid: ""
2026/08/15 09:52:00 AuditWorker: Error inserting event 49327a63-8e46-4488-8cb6-e4667e51414f: failed to insert pending batch audit log: pq: invalid input syntax for type uuid: "unknown"
2026/08/15 09:52:00 AuditWorker: Error inserting event 3fae9265-a26d-4485-90c8-4d59bc25588c: failed to insert pending batch audit log: pq: invalid input syntax for type uuid: "unknown"
2026/08/15 09:52:00 AuditWorker: Error inserting event 94db57aa-8e53-4985-bbfc-7abbffbd9594: failed to insert pending batch audit log: pq: invalid input syntax for type uuid: ""
2026/08/15 09:52:00 AuditWorker: Error inserting event 29ac45da-3148-41f8-a027-bd065aa41e72: failed to insert pending batch audit log: pq: invalid input syntax for type uuid: "unknown"
2026/08/15 09:52:00 AuditWorker: Error inserting event 03564239-f7f2-44cd-a8a7-f4c7a7d8f232: failed to insert pending batch audit log: pq: invalid input syntax for type uuid: ""
2026/08/15 09:52:00 AuditWorker: Error inserting event 4b122fde-8568-4c6f-b7f2-c08a93932c50: failed to insert pending batch audit log: pq: invalid input syntax for type uuid: ""
2026/08/15 09:52:00 AuditWorker: Error inserting event 2373dae0-f271-49e6-ad1c-ce534e43fd5a: failed to insert pending batch audit log: pq: invalid input syntax for type uuid: "unknown"
2026/08/15 09:52:00 AuditWorker: Error inserting event 5998d9f4-5a73-4722-b980-01ceca38d9e8: failed to insert pending batch audit log: pq: invalid input syntax for type uuid: "unknown"
2026/08/15 09:52:00 AuditWorker: Error inserting event 6a7baeba-a8d4-40e1-a713-9a51c3bb06fb: failed to insert pending batch audit log: pq: invalid input syntax for type uuid: ""
2026/08/15 09:52:00 AuditWorker: Error inserting event 7e556aad-6b25-4d03-9425-b399e87a2189: failed to insert pending batch audit log: pq: invalid input syntax for type uuid: "unknown"
2026/08/15 09:52:00 AuditWorker: Error inserting event efe5c97c-b084-468e-8ac0-62e8e83beb0e: failed to insert pending batch audit log: pq: invalid input syntax for type uuid: ""
2026/08/15 09:52:00 AuditWorker: Error inserting event 768abb7b-2cd5-4dd4-a886-3d2e9dd2df32: failed to insert pending batch audit log: pq: invalid input syntax for type uuid: "unknown"
2026/08/15 09:52:00 AuditWorker: Error inserting event 76e04477-4eef-40a2-a81e-113fa6104ab9: failed to insert pending batch audit log: pq: invalid input syntax for type uuid: "unknown"
2026/08/15 09:52:00 AuditWorker: Error inserting event 097633ec-594f-4b05-8aca-ed0adfacf3d6: failed to insert pending batch audit log: pq: invalid input syntax for type uuid: "unknown"
2026/08/15 09:52:00 AuditWorker: Error inserting event 874182b2-5424-4eb1-81aa-d40f8a3df5ac: failed to insert pending batch audit log: pq: invalid input syntax for type uuid: "unknown"
2026/08/15 09:52:00 AuditWorker: Error inserting event d0dd192f-e1ce-4784-ba36-0badd0c92124: failed to insert pending batch audit log: pq: invalid input syntax for type uuid: "unknown"
2026/08/15 09:52:00 AuditWorker: Error inserting event 5d804547-0299-4d43-a3e1-f8c4b7298710: failed to insert pending batch audit log: pq: invalid input syntax for type uuid: "unknown"
2026/08/15 09:52:00 AuditWorker: Error inserting event a8e27536-31bb-4330-91df-f4570ae02c8f: failed to insert pending batch audit log: pq: invalid input syntax for type uuid: "unknown"
2026/08/15 09:52:00 AuditWorker: Error inserting event 551fa9e4-08d0-4911-a52c-d321a6d652b9: failed to insert pending batch audit log: pq: invalid input syntax for type uuid: "unknown"
2026/08/15 09:52:00 AuditWorker: Error inserting event d88d3a04-1d36-44d8-9f9f-72441b1007cb: failed to insert pending batch audit log: pq: invalid input syntax for type uuid: "unknown"
2026/08/15 09:52:00 AuditWorker: Error inserting event 8a3cd69c-c222-4fae-8d43-f8b448ec8694: failed to insert pending batch audit log: pq: invalid input syntax for type uuid: ""
2026/08/15 09:52:00 AuditWorker: Error inserting event 613660cc-ff8a-4c62-b555-a14a5b68bedb: failed to insert pending batch audit log: pq: invalid input syntax for type uuid: ""
2026/08/15 09:52:00 AuditWorker: Error inserting event 5c0b9de6-8bfc-4a84-9aef-b269216e906e: failed to insert pending batch audit log: pq: invalid input syntax for type uuid: ""
2026/08/15 09:52:00 AuditWorker: Error inserting event c7d96929-338a-4a4c-8d18-a8d9ed5a427a: failed to insert pending batch audit log: pq: invalid input syntax for type uuid: ""
2026/08/15 09:52:00 AuditWorker: Error inserting event a22b110f-7c3d-4f57-bcfe-721aa0a7c23a: failed to insert pending batch audit log: pq: invalid input syntax for type uuid: ""
2026/08/15 09:52:00 AuditWorker: Error inserting event 0f951c6a-d368-48e8-bb33-961e4a51e3b2: failed to insert pending batch audit log: pq: invalid input syntax for type uuid: ""
2026/08/15 09:52:00 AuditWorker: Error inserting event b6c443a8-6482-45bd-888f-6a1a61bb69d1: failed to insert pending batch audit log: pq: invalid input syntax for type uuid: ""
2026/08/15 09:52:00 AuditWorker: Error inserting event 77e1e398-2285-4b09-90b7-e7e8b15ce563: failed to insert pending batch audit log: pq: invalid input syntax for type uuid: ""
2026/08/15 09:52:00 AuditWorker: Error inserting event 2497c5e5-6c55-4c15-8e43-eb95236872f9: failed to insert pending batch audit log: pq: invalid input syntax for type uuid: "unknown"
2026/08/15 09:52:00 AuditWorker: Error inserting event d41d3d1b-30da-4f24-b58d-18105c2f4165: failed to insert pending batch audit log: pq: invalid input syntax for type uuid: ""
2026/08/15 09:52:00 AuditWorker: Error inserting event 8e51337f-d1e4-4f3f-8701-e78dde7441d7: failed to insert pending batch audit log: pq: invalid input syntax for type uuid: ""
2026/08/15 09:52:00 AuditWorker: Error inserting event 49327a63-8e46-4488-8cb6-e4667e51414f: failed to insert pending batch audit log: pq: invalid input syntax for type uuid: "unknown"
2026/08/15 09:52:00 AuditWorker: Error inserting event 3fae9265-a26d-4485-90c8-4d59bc25588c: failed to insert pending batch audit log: pq: invalid input syntax for type uuid: "unknown"
2026/08/15 09:52:00 AuditWorker: Error inserting event 94db57aa-8e53-4985-bbfc-7abbffbd9594: failed to insert pending batch audit log: pq: invalid input syntax for type uuid: ""
2026/08/15 09:52:00 AuditWorker: Error inserting event 29ac45da-3148-41f8-a027-bd065aa41e72: failed to insert pending batch audit log: pq: invalid input syntax for type uuid: "unknown"
2026/08/15 09:52:00 AuditWorker: Error inserting event 03564239-f7f2-44cd-a8a7-f4c7a7d8f232: failed to insert pending batch audit log: pq: invalid input syntax for type uuid: ""
2026/08/15 09:52:00 AuditWorker: Error inserting event 4b122fde-8568-4c6f-b7f2-c08a93932c50: failed to insert pending batch audit log: pq: invalid input syntax for type uuid: ""
2026/08/15 09:52:00 AuditWorker: Error inserting event 2373dae0-f271-49e6-ad1c-ce534e43fd5a: failed to insert pending batch audit log: pq: invalid input syntax for type uuid: "unknown"
2026/08/15 09:52:00 AuditWorker: Error inserting event 5998d9f4-5a73-4722-b980-01ceca38d9e8: failed to insert pending batch audit log: pq: invalid input syntax for type uuid: "unknown"
2026/08/15 09:52:00 AuditWorker: Error inserting event 6a7baeba-a8d4-40e1-a713-9a51c3bb06fb: failed to insert pending batch audit log: pq: invalid input syntax for type uuid: ""
2026/08/15 09:52:00 AuditWorker: Error inserting event 7e556aad-6b25-4d03-9425-b399e87a2189: failed to insert pending batch audit log: pq: invalid input syntax for type uuid: "unknown"
2026/08/15 09:52:00 AuditWorker: Error inserting event efe5c97c-b084-468e-8ac0-62e8e83beb0e: failed to insert pending batch audit log: pq: invalid input syntax for type uuid: ""
2026/08/15 09:52:00 AuditWorker: Error inserting event 768abb7b-2cd5-4dd4-a886-3d2e9dd2df32: failed to insert pending batch audit log: pq: invalid input syntax for type uuid: "unknown"
2026/08/15 09:52:00 AuditWorker: Error inserting event 76e04477-4eef-40a2-a81e-113fa6104ab9: failed to insert pending batch audit log: pq: invalid input syntax for type uuid: "unknown"
2026/08/15 09:52:00 AuditWorker: Error inserting event 097633ec-594f-4b05-8aca-ed0adfacf3d6: failed to insert pending batch audit log: pq: invalid input syntax for type uuid: "unknown"
2026/08/15 09:52:00 AuditWorker: Error inserting event 874182b2-5424-4eb1-81aa-d40f8a3df5ac: failed to insert pending batch audit log: pq: invalid input syntax for type uuid: "unknown"
2026/08/15 09:52:00 AuditWorker: Error inserting event d0dd192f-e1ce-4784-ba36-0badd0c92124: failed to insert pending batch audit log: pq: invalid input syntax for type uuid: "unknown"
2026/08/15 09:52:00 AuditWorker: Error inserting event 5d804547-0299-4d43-a3e1-f8c4b7298710: failed to insert pending batch audit log: pq: invalid input syntax for type uuid: "unknown"
2026/08/15 09:52:00 AuditWorker: Error inserting event a8e27536-31bb-4330-91df-f4570ae02c8f: failed to insert pending batch audit log: pq: invalid input syntax for type uuid: "unknown"
2026/08/15 09:52:00 AuditWorker: Error inserting event 551fa9e4-08d0-4911-a52c-d321a6d652b9: failed to insert pending batch audit log: pq: invalid input syntax for type uuid: "unknown"
2026/08/15 09:52:00 AuditWorker: Error inserting event d88d3a04-1d36-44d8-9f9f-72441b1007cb: failed to insert pending batch audit log: pq: invalid input syntax for type uuid: "unknown"
2026/08/15 09:52:00 AuditWorker: Error inserting event 8a3cd69c-c222-4fae-8d43-f8b448ec8694: failed to insert pending batch audit log: pq: invalid input syntax for type uuid: ""
2026/08/15 09:52:00 AuditWorker: Error inserting event 613660cc-ff8a-4c62-b555-a14a5b68bedb: failed to insert pending batch audit log: pq: invalid input syntax for type uuid: ""
2026/08/15 09:52:00 AuditWorker: Error inserting event 5c0b9de6-8bfc-4a84-9aef-b269216e906e: failed to insert pending batch audit log: pq: invalid input syntax for type uuid: ""
2026/08/15 09:52:00 AuditWorker: Error inserting event c7d96929-338a-4a4c-8d18-a8d9ed5a427a: failed to insert pending batch audit log: pq: invalid input syntax for type uuid: ""
2026/08/15 09:52:00 AuditWorker: Error inserting event a22b110f-7c3d-4f57-bcfe-721aa0a7c23a: failed to insert pending batch audit log: pq: invalid input syntax for type uuid: ""
2026/08/15 09:52:00 AuditWorker: Error inserting event 0f951c6a-d368-48e8-bb33-961e4a51e3b2: failed to insert pending batch audit log: pq: invalid input syntax for type uuid: ""
2026/08/15 09:52:00 AuditWorker: Error inserting event b6c443a8-6482-45bd-888f-6a1a61bb69d1: failed to insert pending batch audit log: pq: invalid input syntax for type uuid: ""
2026/08/15 09:52:00 AuditWorker: Error inserting event 77e1e398-2285-4b09-90b7-e7e8b15ce563: failed to insert pending batch audit log: pq: invalid input syntax for type uuid: ""
2026/08/15 09:52:00 AuditWorker: Error inserting event 2497c5e5-6c55-4c15-8e43-eb95236872f9: failed to insert pending batch audit log: pq: invalid input syntax for type uuid: "unknown"
2026/08/15 09:52:00 AuditWorker: Error inserting event d41d3d1b-30da-4f24-b58d-18105c2f4165: failed to insert pending batch audit log: pq: invalid input syntax for type uuid: ""
2026/08/15 09:52:00 AuditWorker: Error inserting event 8e51337f-d1e4-4f3f-8701-e78dde7441d7: failed to insert pending batch audit log: pq: invalid input syntax for type uuid: ""
2026/08/15 09:52:00 AuditWorker: Error inserting event 49327a63-8e46-4488-8cb6-e4667e51414f: failed to insert pending batch audit log: pq: invalid input syntax for type uuid: "unknown"
2026/08/15 09:52:00 AuditWorker: Error inserting event 3fae9265-a26d-4485-90c8-4d59bc25588c: failed to insert pending batch audit log: pq: invalid input syntax for type uuid: "unknown"
2026/08/15 09:52:00 AuditWorker: Error inserting event 94db57aa-8e53-4985-bbfc-7abbffbd9594: failed to insert pending batch audit log: pq: invalid input syntax for type uuid: ""
2026/08/15 09:52:00 AuditWorker: Error inserting event 29ac45da-3148-41f8-a027-bd065aa41e72: failed to insert pending batch audit log: pq: invalid input syntax for type uuid: "unknown"
2026/08/15 09:52:00 AuditWorker: Error inserting event 03564239-f7f2-44cd-a8a7-f4c7a7d8f232: failed to insert pending batch audit log: pq: invalid input syntax for type uuid: ""
2026/08/15 09:52:00 AuditWorker: Error inserting event 4b122fde-8568-4c6f-b7f2-c08a93932c50: failed to insert pending batch audit log: pq: invalid input syntax for type uuid: ""
2026/08/15 09:52:00 AuditWorker: Error inserting event 2373dae0-f271-49e6-ad1c-ce534e43fd5a: failed to insert pending batch audit log: pq: invalid input syntax for type uuid: "unknown"
2026/08/15 09:52:00 AuditWorker: Error inserting event 5998d9f4-5a73-4722-b980-01ceca38d9e8: failed to insert pending batch audit log: pq: invalid input syntax for type uuid: "unknown"
2026/08/15 09:52:00 AuditWorker: Error inserting event 6a7baeba-a8d4-40e1-a713-9a51c3bb06fb: failed to insert pending batch audit log: pq: invalid input syntax for type uuid: ""
2026/08/15 09:52:00 AuditWorker: Error inserting event 7e556aad-6b25-4d03-9425-b399e87a2189: failed to insert pending batch audit log: pq: invalid input syntax for type uuid: "unknown"
2026/08/15 09:52:00 AuditWorker: Error inserting event efe5c97c-b084-468e-8ac0-62e8e83beb0e: failed to insert pending batch audit log: pq: invalid input syntax for type uuid: ""
2026/08/15 09:52:00 AuditWorker: Error inserting event 768abb7b-2cd5-4dd4-a886-3d2e9dd2df32: failed to insert pending batch audit log: pq: invalid input syntax for type uuid: "unknown"
2026/08/15 09:52:00 AuditWorker: Error inserting event 76e04477-4eef-40a2-a81e-113fa6104ab9: failed to insert pending batch audit log: pq: invalid input syntax for type uuid: "unknown"
2026/08/15 09:52:00 AuditWorker: Error inserting event 097633ec-594f-4b05-8aca-ed0adfacf3d6: failed to insert pending batch audit log: pq: invalid input syntax for type uuid: "unknown"
2026/08/15 09:52:00 AuditWorker: Error inserting event 874182b2-5424-4eb1-81aa-d40f8a3df5ac: failed to insert pending batch audit log: pq: invalid input syntax for type uuid: "unknown"
2026/08/15 09:52:00 AuditWorker: Error inserting event d0dd192f-e1ce-4784-ba36-0badd0c92124: failed to insert pending batch audit log: pq: invalid input syntax for type uuid: "unknown"
2026/08/15 09:52:00 AuditWorker: Error inserting event 5d804547-0299-4d43-a3e1-f8c4b7298710: failed to insert pending batch audit log: pq: invalid input syntax for type uuid: "unknown"
2026/08/15 09:52:00 AuditWorker: Error inserting event a8e27536-31bb-4330-91df-f4570ae02c8f: failed to insert pending batch audit log: pq: invalid input syntax for type uuid: "unknown"
2026/08/15 09:52:00 AuditWorker: Error inserting event 551fa9e4-08d0-4911-a52c-d321a6d652b9: failed to insert pending batch audit log: pq: invalid input syntax for type uuid: "unknown"
2026/08/15 09:52:00 AuditWorker: Error inserting event d88d3a04-1d36-44d8-9f9f-72441b1007cb: failed to insert pending batch audit log: pq: invalid input syntax for type uuid: "unknown"
2026/08/15 09:52:00 AuditWorker: Error inserting event 8a3cd69c-c222-4fae-8d43-f8b448ec8694: failed to insert pending batch audit log: pq: invalid input syntax for type uuid: ""
2026/08/15 09:52:00 AuditWorker: Error inserting event 613660cc-ff8a-4c62-b555-a14a5b68bedb: failed to insert pending batch audit log: pq: invalid input syntax for type uuid: ""
2026/08/15 09:52:00 AuditWorker: Error inserting event 5c0b9de6-8bfc-4a84-9aef-b269216e906e: failed to insert pending batch audit log: pq: invalid input syntax for type uuid: ""
2026/08/15 09:52:00 AuditWorker: Error inserting event c7d96929-338a-4a4c-8d18-a8d9ed5a427a: failed to insert pending batch audit log: pq: invalid input syntax for type uuid: ""
2026/08/15 09:52:00 AuditWorker: Error inserting event a22b110f-7c3d-4f57-bcfe-721aa0a7c23a: failed to insert pending batch audit log: pq: invalid input syntax for type uuid: ""
2026/08/15 09:52:00 AuditWorker: Error inserting event 0f951c6a-d368-48e8-bb33-961e4a51e3b2: failed to insert pending batch audit log: pq: invalid input syntax for type uuid: ""
2026/08/15 09:52:00 AuditWorker: Error inserting event b6c443a8-6482-45bd-888f-6a1a61bb69d1: failed to insert pending batch audit log: pq: invalid input syntax for type uuid: ""
2026/08/15 09:52:00 AuditWorker: Error inserting event 77e1e398-2285-4b09-90b7-e7e8b15ce563: failed to insert pending batch audit log: pq: invalid input syntax for type uuid: ""
2026/08/15 09:52:00 AuditWorker: Error inserting event 2497c5e5-6c55-4c15-8e43-eb95236872f9: failed to insert pending batch audit log: pq: invalid input syntax for type uuid: "unknown"
2026/08/15 09:52:00 AuditWorker: Error inserting event d41d3d1b-30da-4f24-b58d-18105c2f4165: failed to insert pending batch audit log: pq: invalid input syntax for type uuid: ""
2026/08/15 09:52:00 AuditWorker: Error inserting event 8e51337f-d1e4-4f3f-8701-e78dde7441d7: failed to insert pending batch audit log: pq: invalid input syntax for type uuid: ""
2026/08/15 09:52:00 AuditWorker: Error inserting event 49327a63-8e46-4488-8cb6-e4667e51414f: failed to insert pending batch audit log: pq: invalid input syntax for type uuid: "unknown"
2026/08/15 09:52:00 AuditWorker: Error inserting event 3fae9265-a26d-4485-90c8-4d59bc25588c: failed to insert pending batch audit log: pq: invalid input syntax for type uuid: "unknown"
2026/08/15 09:52:00 AuditWorker: Error inserting event 94db57aa-8e53-4985-bbfc-7abbffbd9594: failed to insert pending batch audit log: pq: invalid input syntax for type uuid: ""
2026/08/15 09:52:00 AuditWorker: Error inserting event 29ac45da-3148-41f8-a027-bd065aa41e72: failed to insert pending batch audit log: pq: invalid input syntax for type uuid: "unknown"
2026/08/15 09:52:00 AuditWorker: Error inserting event 03564239-f7f2-44cd-a8a7-f4c7a7d8f232: failed to insert pending batch audit log: pq: invalid input syntax for type uuid: ""
2026/08/15 09:52:00 AuditWorker: Error inserting event 4b122fde-8568-4c6f-b7f2-c08a93932c50: failed to insert pending batch audit log: pq: invalid input syntax for type uuid: ""
2026/08/15 09:52:00 AuditWorker: Error inserting event 2373dae0-f271-49e6-ad1c-ce534e43fd5a: failed to insert pending batch audit log: pq: invalid input syntax for type uuid: "unknown"
2026/08/15 09:52:00 AuditWorker: Error inserting event 5998d9f4-5a73-4722-b980-01ceca38d9e8: failed to insert pending batch audit log: pq: invalid input syntax for type uuid: "unknown"
2026/08/15 09:52:00 AuditWorker: Error inserting event 6a7baeba-a8d4-40e1-a713-9a51c3bb06fb: failed to insert pending batch audit log: pq: invalid input syntax for type uuid: ""
2026/08/15 09:52:00 AuditWorker: Error inserting event 7e556aad-6b25-4d03-9425-b399e87a2189: failed to insert pending batch audit log: pq: invalid input syntax for type uuid: "unknown"
2026/08/15 09:52:00 AuditWorker: Error inserting event efe5c97c-b084-468e-8ac0-62e8e83beb0e: failed to insert pending batch audit log: pq: invalid input syntax for type uuid: ""
2026/08/15 09:52:00 AuditWorker: Error inserting event 768abb7b-2cd5-4dd4-a886-3d2e9dd2df32: failed to insert pending batch audit log: pq: invalid input syntax for type uuid: "unknown"
2026/08/15 09:52:00 AuditWorker: Error inserting event 76e04477-4eef-40a2-a81e-113fa6104ab9: failed to insert pending batch audit log: pq: invalid input syntax for type uuid: "unknown"
2026/08/15 09:52:00 AuditWorker: Error inserting event 097633ec-594f-4b05-8aca-ed0adfacf3d6: failed to insert pending batch audit log: pq: invalid input syntax for type uuid: "unknown"
2026/08/15 09:52:00 AuditWorker: Error inserting event 874182b2-5424-4eb1-81aa-d40f8a3df5ac: failed to insert pending batch audit log: pq: invalid input syntax for type uuid: "unknown"
2026/08/15 09:52:00 AuditWorker: Error inserting event d0dd192f-e1ce-4784-ba36-0badd0c92124: failed to insert pending batch audit log: pq: invalid input syntax for type uuid: "unknown"
2026/08/15 09:52:00 AuditWorker: Error inserting event 5d804547-0299-4d43-a3e1-f8c4b7298710: failed to insert pending batch audit log: pq: invalid input syntax for type uuid: "unknown"
2026/08/15 09:52:00 AuditWorker: Error inserting event a8e27536-31bb-4330-91df-f4570ae02c8f: failed to insert pending batch audit log: pq: invalid input syntax for type uuid: "unknown"
2026/08/15 09:52:00 AuditWorker: Error inserting event 551fa9e4-08d0-4911-a52c-d321a6d652b9: failed to insert pending batch audit log: pq: invalid input syntax for type uuid: "unknown"
2026/08/15 09:52:00 AuditWorker: Error inserting event d88d3a04-1d36-44d8-9f9f-72441b1007cb: failed to insert pending batch audit log: pq: invalid input syntax for type uuid: "unknown"
2026/08/15 09:52:00 AuditWorker: Error inserting event 8a3cd69c-c222-4fae-8d43-f8b448ec8694: failed to insert pending batch audit log: pq: invalid input syntax for type uuid: ""
2026/08/15 09:52:00 AuditWorker: Error inserting event 613660cc-ff8a-4c62-b555-a14a5b68bedb: failed to insert pending batch audit log: pq: invalid input syntax for type uuid: ""
2026/08/15 09:52:00 AuditWorker: Error inserting event 5c0b9de6-8bfc-4a84-9aef-b269216e906e: failed to insert pending batch audit log: pq: invalid input syntax for type uuid: ""
2026/08/15 09:52:00 AuditWorker: Error inserting event c7d96929-338a-4a4c-8d18-a8d9ed5a427a: failed to insert pending batch audit log: pq: invalid input syntax for type uuid: ""
2026/08/15 09:52:00 AuditWorker: Error inserting event a22b110f-7c3d-4f57-bcfe-721aa0a7c23a: failed to insert pending batch audit log: pq: invalid input syntax for type uuid: ""
2026/08/15 09:52:00 AuditWorker: Error inserting event 0f951c6a-d368-48e8-bb33-961e4a51e3b2: failed to insert pending batch audit log: pq: invalid input syntax for type uuid: ""
2026/08/15 09:52:00 AuditWorker: Error inserting event b6c443a8-6482-45bd-888f-6a1a61bb69d1: failed to insert pending batch audit log: pq: invalid input syntax for type uuid: ""
2026/08/15 09:52:00 AuditWorker: Error inserting event 77e1e398-2285-4b09-90b7-e7e8b15ce563: failed to insert pending batch audit log: pq: invalid input syntax for type uuid: ""
2026/08/15 09:52:00 AuditWorker: Error inserting event 2497c5e5-6c55-4c15-8e43-eb95236872f9: failed to insert pending batch audit log: pq: invalid input syntax for type uuid: "unknown"
2026/08/15 09:52:00 AuditWorker: Error inserting event d41d3d1b-30da-4f24-b58d-18105c2f4165: failed to insert pending batch audit log: pq: invalid input syntax for type uuid: ""
2026/08/15 09:52:00 AuditWorker: Error inserting event 8e51337f-d1e4-4f3f-8701-e78dde7441d7: failed to insert pending batch audit log: pq: invalid input syntax for type uuid: ""
2026/08/15 09:52:00 AuditWorker: Error inserting event 49327a63-8e46-4488-8cb6-e4667e51414f: failed to insert pending batch audit log: pq: invalid input syntax for type uuid: "unknown"
2026/08/15 09:52:00 AuditWorker: Error inserting event 3fae9265-a26d-4485-90c8-4d59bc25588c: failed to insert pending batch audit log: pq: invalid input syntax for type uuid: "unknown"
2026/08/15 09:52:00 AuditWorker: Error inserting event 94db57aa-8e53-4985-bbfc-7abbffbd9594: failed to insert pending batch audit log: pq: invalid input syntax for type uuid: ""
2026/08/15 09:52:00 AuditWorker: Error inserting event 29ac45da-3148-41f8-a027-bd065aa41e72: failed to insert pending batch audit log: pq: invalid input syntax for type uuid: "unknown"
2026/08/15 09:52:00 AuditWorker: Error inserting event 03564239-f7f2-44cd-a8a7-f4c7a7d8f232: failed to insert pending batch audit log: pq: invalid input syntax for type uuid: ""
2026/08/15 09:52:00 AuditWorker: Error inserting event 4b122fde-8568-4c6f-b7f2-c08a93932c50: failed to insert pending batch audit log: pq: invalid input syntax for type uuid: ""
2026/08/15 09:52:00 AuditWorker: Error inserting event 2373dae0-f271-49e6-ad1c-ce534e43fd5a: failed to insert pending batch audit log: pq: invalid input syntax for type uuid: "unknown"
2026/08/15 09:52:00 AuditWorker: Error inserting event 5998d9f4-5a73-4722-b980-01ceca38d9e8: failed to insert pending batch audit log: pq: invalid input syntax for type uuid: "unknown"
2026/08/15 09:52:00 AuditWorker: Error inserting event 6a7baeba-a8d4-40e1-a713-9a51c3bb06fb: failed to insert pending batch audit log: pq: invalid input syntax for type uuid: ""
2026/08/15 09:52:00 AuditWorker: Error inserting event 7e556aad-6b25-4d03-9425-b399e87a2189: failed to insert pending batch audit log: pq: invalid input syntax for type uuid: "unknown"
2026/08/15 09:52:00 AuditWorker: Error inserting event efe5c97c-b084-468e-8ac0-62e8e83beb0e: failed to insert pending batch audit log: pq: invalid input syntax for type uuid: ""
2026/08/15 09:52:00 AuditWorker: Error inserting event 768abb7b-2cd5-4dd4-a886-3d2e9dd2df32: failed to insert pending batch audit log: pq: invalid input syntax for type uuid: "unknown"
2026/08/15 09:52:00 AuditWorker: Error inserting event 76e04477-4eef-40a2-a81e-113fa6104ab9: failed to insert pending batch audit log: pq: invalid input syntax for type uuid: "unknown"
2026/08/15 09:52:00 AuditWorker: Error inserting event 097633ec-594f-4b05-8aca-ed0adfacf3d6: failed to insert pending batch audit log: pq: invalid input syntax for type uuid: "unknown"
2026/08/15 09:52:00 AuditWorker: Error inserting event 874182b2-5424-4eb1-81aa-d40f8a3df5ac: failed to insert pending batch audit log: pq: invalid input syntax for type uuid: "unknown"
2026/08/15 09:52:00 AuditWorker: Error inserting event d0dd192f-e1ce-4784-ba36-0badd0c92124: failed to insert pending batch audit log: pq: invalid input syntax for type uuid: "unknown"
2026/08/15 09:52:00 AuditWorker: Error inserting event 5d804547-0299-4d43-a3e1-f8c4b7298710: failed to insert pending batch audit log: pq: invalid input syntax for type uuid: "unknown"
2026/08/15 09:52:00 AuditWorker: Error inserting event a8e27536-31bb-4330-91df-f4570ae02c8f: failed to insert pending batch audit log: pq: invalid input syntax for type uuid: "unknown"
2026/08/15 09:52:00 AuditWorker: Error inserting event 551fa9e4-08d0-4911-a52c-d321a6d652b9: failed to insert pending batch audit log: pq: invalid input syntax for type uuid: "unknown"
2026/08/15 09:52:00 AuditWorker: Error inserting event d88d3a04-1d36-44d8-9f9f-72441b1007cb: failed to insert pending batch audit log: pq: invalid input syntax for type uuid: "unknown"
2026/08/15 09:52:00 AuditWorker: Error inserting event 8a3cd69c-c222-4fae-8d43-f8b448ec8694: failed to insert pending batch audit log: pq: invalid input syntax for type uuid: ""
2026/08/15 09:52:00 AuditWorker: Error inserting event 613660cc-ff8a-4c62-b555-a14a5b68bedb: failed to insert pending batch audit log: pq: invalid input syntax for type uuid: ""
2026/08/15 09:52:00 AuditWorker: Error inserting event 5c0b9de6-8bfc-4a84-9aef-b269216e906e: failed to insert pending batch audit log: pq: invalid input syntax for type uuid: ""
2026/08/15 09:52:00 AuditWorker: Error inserting event c7d96929-338a-4a4c-8d18-a8d9ed5a427a: failed to insert pending batch audit log: pq: invalid input syntax for type uuid: ""
2026/08/15 09:52:00 AuditWorker: Error inserting event a22b110f-7c3d-4f57-bcfe-721aa0a7c23a: failed to insert pending batch audit log: pq: invalid input syntax for type uuid: ""
2026/08/15 09:52:00 AuditWorker: Error inserting event 0f951c6a-d368-48e8-bb33-961e4a51e3b2: failed to insert pending batch audit log: pq: invalid input syntax for type uuid: ""
2026/08/15 09:52:00 AuditWorker: Error inserting event b6c443a8-6482-45bd-888f-6a1a61bb69d1: failed to insert pending batch audit log: pq: invalid input syntax for type uuid: ""
2026/08/15 09:52:00 AuditWorker: Error inserting event 77e1e398-2285-4b09-90b7-e7e8b15ce563: failed to insert pending batch audit log: pq: invalid input syntax for type uuid: ""
2026/08/15 09:52:00 AuditWorker: Error inserting event 2497c5e5-6c55-4c15-8e43-eb95236872f9: failed to insert pending batch audit log: pq: invalid input syntax for type uuid: "unknown"
2026/08/15 09:52:00 AuditWorker: Error inserting event d41d3d1b-30da-4f24-b58d-18105c2f4165: failed to insert pending batch audit log: pq: invalid input syntax for type uuid: ""
2026/08/15 09:52:00 AuditWorker: Error inserting event 8e51337f-d1e4-4f3f-8701-e78dde7441d7: failed to insert pending batch audit log: pq: invalid input syntax for type uuid: ""
2026/08/15 09:52:00 AuditWorker: Error inserting event 49327a63-8e46-4488-8cb6-e4667e51414f: failed to insert pending batch audit log: pq: invalid input syntax for type uuid: "unknown"
2026/08/15 09:52:00 AuditWorker: Error inserting event 3fae9265-a26d-4485-90c8-4d59bc25588c: failed to insert pending batch audit log: pq: invalid input syntax for type uuid: "unknown"
2026/08/15 09:52:00 AuditWorker: Error inserting event 94db57aa-8e53-4985-bbfc-7abbffbd9594: failed to insert pending batch audit log: pq: invalid input syntax for type uuid: ""
2026/08/15 09:52:00 AuditWorker: Error inserting event 29ac45da-3148-41f8-a027-bd065aa41e72: failed to insert pending batch audit log: pq: invalid input syntax for type uuid: "unknown"
2026/08/15 09:52:00 AuditWorker: Error inserting event 03564239-f7f2-44cd-a8a7-f4c7a7d8f232: failed to insert pending batch audit log: pq: invalid input syntax for type uuid: ""
2026/08/15 09:52:00 AuditWorker: Error inserting event 4b122fde-8568-4c6f-b7f2-c08a93932c50: failed to insert pending batch audit log: pq: invalid input syntax for type uuid: ""
2026/08/15 09:52:00 AuditWorker: Error inserting event 2373dae0-f271-49e6-ad1c-ce534e43fd5a: failed to insert pending batch audit log: pq: invalid input syntax for type uuid: "unknown"
2026/08/15 09:52:00 AuditWorker: Error inserting event 5998d9f4-5a73-4722-b980-01ceca38d9e8: failed to insert pending batch audit log: pq: invalid input syntax for type uuid: "unknown"
2026/08/15 09:52:00 AuditWorker: Error inserting event 6a7baeba-a8d4-40e1-a713-9a51c3bb06fb: failed to insert pending batch audit log: pq: invalid input syntax for type uuid: ""
2026/08/15 09:52:00 AuditWorker: Error inserting event 7e556aad-6b25-4d03-9425-b399e87a2189: failed to insert pending batch audit log: pq: invalid input syntax for type uuid: "unknown"
2026/08/15 09:52:00 AuditWorker: Error inserting event efe5c97c-b084-468e-8ac0-62e8e83beb0e: failed to insert pending batch audit log: pq: invalid input syntax for type uuid: ""
2026/08/15 09:52:00 AuditWorker: Error inserting event 768abb7b-2cd5-4dd4-a886-3d2e9dd2df32: failed to insert pending batch audit log: pq: invalid input syntax for type uuid: "unknown"
2026/08/15 09:52:00 AuditWorker: Error inserting event 76e04477-4eef-40a2-a81e-113fa6104ab9: failed to insert pending batch audit log: pq: invalid input syntax for type uuid: "unknown"
2026/08/15 09:52:00 AuditWorker: Error inserting event 097633ec-594f-4b05-8aca-ed0adfacf3d6: failed to insert pending batch audit log: pq: invalid input syntax for type uuid: "unknown"
2026/08/15 09:52:00 AuditWorker: Error inserting event 874182b2-5424-4eb1-81aa-d40f8a3df5ac: failed to insert pending batch audit log: pq: invalid input syntax for type uuid: "unknown"
2026/08/15 09:52:00 AuditWorker: Error inserting event d0dd192f-e1ce-4784-ba36-0badd0c92124: failed to insert pending batch audit log: pq: invalid input syntax for type uuid: "unknown"
2026/08/15 09:52:00 AuditWorker: Error inserting event 5d804547-0299-4d43-a3e1-f8c4b7298710: failed to insert pending batch audit log: pq: invalid input syntax for type uuid: "unknown"
2026/08/15 09:52:00 AuditWorker: Error inserting event a8e27536-31bb-4330-91df-f4570ae02c8f: failed to insert pending batch audit log: pq: invalid input syntax for type uuid: "unknown"
2026/08/15 09:52:00 AuditWorker: Error inserting event 551fa9e4-08d0-4911-a52c-d321a6d652b9: failed to insert pending batch audit log: pq: invalid input syntax for type uuid: "unknown"
2026/08/15 09:52:00 AuditWorker: Error inserting event d88d3a04-1d36-44d8-9f9f-72441b1007cb: failed to insert pending batch audit log: pq: invalid input syntax for type uuid: "unknown"
2026/08/15 09:52:00 AuditWorker: Error inserting event 8a3cd69c-c222-4fae-8d43-f8b448ec8694: failed to insert pending batch audit log: pq: invalid input syntax for type uuid: ""
2026/08/15 09:52:00 AuditWorker: Error inserting event 613660cc-ff8a-4c62-b555-a14a5b68bedb: failed to insert pending batch audit log: pq: invalid input syntax for type uuid: ""
2026/08/15 09:52:00 AuditWorker: Error inserting event 5c0b9de6-8bfc-4a84-9aef-b269216e906e: failed to insert pending batch audit log: pq: invalid input syntax for type uuid: ""
2026/08/15 09:52:00 AuditWorker: Error inserting event c7d96929-338a-4a4c-8d18-a8d9ed5a427a: failed to insert pending batch audit log: pq: invalid input syntax for type uuid: ""
2026/08/15 09:52:00 AuditWorker: Error inserting event a22b110f-7c3d-4f57-bcfe-721aa0a7c23a: failed to insert pending batch audit log: pq: invalid input syntax for type uuid: ""
2026/08/15 09:52:00 AuditWorker: Error inserting event 0f951c6a-d368-48e8-bb33-961e4a51e3b2: failed to insert pending batch audit log: pq: invalid input syntax for type uuid: ""
2026/08/15 09:52:00 AuditWorker: Error inserting event b6c443a8-6482-45bd-888f-6a1a61bb69d1: failed to insert pending batch audit log: pq: invalid input syntax for type uuid: ""
2026/08/15 09:52:00 AuditWorker: Error inserting event 77e1e398-2285-4b09-90b7-e7e8b15ce563: failed to insert pending batch audit log: pq: invalid input syntax for type uuid: ""
2026/08/15 09:52:00 AuditWorker: Error inserting event 2497c5e5-6c55-4c15-8e43-eb95236872f9: failed to insert pending batch audit log: pq: invalid input syntax for type uuid: "unknown"
2026/08/15 09:52:00 AuditWorker: Error inserting event d41d3d1b-30da-4f24-b58d-18105c2f4165: failed to insert pending batch audit log: pq: invalid input syntax for type uuid: ""
2026/08/15 09:52:00 AuditWorker: Error inserting event 8e51337f-d1e4-4f3f-8701-e78dde7441d7: failed to insert pending batch audit log: pq: invalid input syntax for type uuid: ""
2026/08/15 09:52:00 AuditWorker: Error inserting event 49327a63-8e46-4488-8cb6-e4667e51414f: failed to insert pending batch audit log: pq: invalid input syntax for type uuid: "unknown"
2026/08/15 09:52:00 AuditWorker: Error inserting event 3fae9265-a26d-4485-90c8-4d59bc25588c: failed to insert pending batch audit log: pq: invalid input syntax for type uuid: "unknown"
2026/08/15 09:52:00 AuditWorker: Error inserting event 94db57aa-8e53-4985-bbfc-7abbffbd9594: failed to insert pending batch audit log: pq: invalid input syntax for type uuid: ""
2026/08/15 09:52:00 AuditWorker: Error inserting event 29ac45da-3148-41f8-a027-bd065aa41e72: failed to insert pending batch audit log: pq: invalid input syntax for type uuid: "unknown"
2026/08/15 09:52:00 AuditWorker: Error inserting event 03564239-f7f2-44cd-a8a7-f4c7a7d8f232: failed to insert pending batch audit log: pq: invalid input syntax for type uuid: ""
2026/08/15 09:52:00 AuditWorker: Error inserting event 4b122fde-8568-4c6f-b7f2-c08a93932c50: failed to insert pending batch audit log: pq: invalid input syntax for type uuid: ""
2026/08/15 09:52:00 AuditWorker: Error inserting event 2373dae0-f271-49e6-ad1c-ce534e43fd5a: failed to insert pending batch audit log: pq: invalid input syntax for type uuid: "unknown"
2026/08/15 09:52:00 AuditWorker: Error inserting event 5998d9f4-5a73-4722-b980-01ceca38d9e8: failed to insert pending batch audit log: pq: invalid input syntax for type uuid: "unknown"
2026/08/15 09:52:00 AuditWorker: Error inserting event 6a7baeba-a8d4-40e1-a713-9a51c3bb06fb: failed to insert pending batch audit log: pq: invalid input syntax for type uuid: ""
2026/08/15 09:52:00 AuditWorker: Error inserting event 7e556aad-6b25-4d03-9425-b399e87a2189: failed to insert pending batch audit log: pq: invalid input syntax for type uuid: "unknown"
2026/08/15 09:52:00 AuditWorker: Error inserting event efe5c97c-b084-468e-8ac0-62e8e83beb0e: failed to insert pending batch audit log: pq: invalid input syntax for type uuid: ""
2026/08/15 09:52:00 AuditWorker: Error inserting event 768abb7b-2cd5-4dd4-a886-3d2e9dd2df32: failed to insert pending batch audit log: pq: invalid input syntax for type uuid: "unknown"
2026/08/15 09:52:00 AuditWorker: Error inserting event 76e04477-4eef-40a2-a81e-113fa6104ab9: failed to insert pending batch audit log: pq: invalid input syntax for type uuid: "unknown"
2026/08/15 09:52:00 AuditWorker: Error inserting event 097633ec-594f-4b05-8aca-ed0adfacf3d6: failed to insert pending batch audit log: pq: invalid input syntax for type uuid: "unknown"
2026/08/15 09:52:00 AuditWorker: Error inserting event 874182b2-5424-4eb1-81aa-d40f8a3df5ac: failed to insert pending batch audit log: pq: invalid input syntax for type uuid: "unknown"
2026/08/15 09:52:00 AuditWorker: Error inserting event d0dd192f-e1ce-4784-ba36-0badd0c92124: failed to insert pending batch audit log: pq: invalid input syntax for type uuid: "unknown"
2026/08/15 09:52:00 AuditWorker: Error inserting event 5d804547-0299-4d43-a3e1-f8c4b7298710: failed to insert pending batch audit log: pq: invalid input syntax for type uuid: "unknown"
2026/08/15 09:52:00 AuditWorker: Error inserting event a8e27536-31bb-4330-91df-f4570ae02c8f: failed to insert pending batch audit log: pq: invalid input syntax for type uuid: "unknown"
2026/08/15 09:52:00 AuditWorker: Error inserting event 551fa9e4-08d0-4911-a52c-d321a6d652b9: failed to insert pending batch audit log: pq: invalid input syntax for type uuid: "unknown"
2026/08/15 09:52:00 AuditWorker: Error inserting event d88d3a04-1d36-44d8-9f9f-72441b1007cb: failed to insert pending batch audit log: pq: invalid input syntax for type uuid: "unknown"
2026/08/15 09:52:00 AuditWorker: Error inserting event 8a3cd69c-c222-4fae-8d43-f8b448ec8694: failed to insert pending batch audit log: pq: invalid input syntax for type uuid: ""
2026/08/15 09:52:00 AuditWorker: Error inserting event 613660cc-ff8a-4c62-b555-a14a5b68bedb: failed to insert pending batch audit log: pq: invalid input syntax for type uuid: ""
2026/08/15 09:52:00 AuditWorker: Error inserting event 5c0b9de6-8bfc-4a84-9aef-b269216e906e: failed to insert pending batch audit log: pq: invalid input syntax for type uuid: ""
2026/08/15 09:52:00 AuditWorker: Error inserting event c7d96929-338a-4a4c-8d18-a8d9ed5a427a: failed to insert pending batch audit log: pq: invalid input syntax for type uuid: ""
2026/08/15 09:52:00 AuditWorker: Error inserting event a22b110f-7c3d-4f57-bcfe-721aa0a7c23a: failed to insert pending batch audit log: pq: invalid input syntax for type uuid: ""
2026/08/15 09:52:00 AuditWorker: Error inserting event 0f951c6a-d368-48e8-bb33-961e4a51e3b2: failed to insert pending batch audit log: pq: invalid input syntax for type uuid: ""
2026/08/15 09:52:00 AuditWorker: Error inserting event b6c443a8-6482-45bd-888f-6a1a61bb69d1: failed to insert pending batch audit log: pq: invalid input syntax for type uuid: ""
2026/08/15 09:52:00 AuditWorker: Error inserting event 77e1e398-2285-4b09-90b7-e7e8b15ce563: failed to insert pending batch audit log: pq: invalid input syntax for type uuid: ""
2026/08/15 09:52:00 AuditWorker: Error inserting event 2497c5e5-6c55-4c15-8e43-eb95236872f9: failed to insert pending batch audit log: pq: invalid input syntax for type uuid: "unknown"
2026/08/15 09:52:00 AuditWorker: Error inserting event d41d3d1b-30da-4f24-b58d-18105c2f4165: failed to insert pending batch audit log: pq: invalid input syntax for type uuid: ""
2026/08/15 09:52:00 AuditWorker: Error inserting event 8e51337f-d1e4-4f3f-8701-e78dde7441d7: failed to insert pending batch audit log: pq: invalid input syntax for type uuid: ""
2026/08/15 09:52:00 AuditWorker: Error inserting event 49327a63-8e46-4488-8cb6-e4667e51414f: failed to insert pending batch audit log: pq: invalid input syntax for type uuid: "unknown"
2026/08/15 09:52:00 AuditWorker: Error inserting event 3fae9265-a26d-4485-90c8-4d59bc25588c: failed to insert pending batch audit log: pq: invalid input syntax for type uuid: "unknown"
2026/08/15 09:52:00 AuditWorker: Error inserting event 94db57aa-8e53-4985-bbfc-7abbffbd9594: failed to insert pending batch audit log: pq: invalid input syntax for type uuid: ""
2026/08/15 09:52:00 AuditWorker: Error inserting event 29ac45da-3148-41f8-a027-bd065aa41e72: failed to insert pending batch audit log: pq: invalid input syntax for type uuid: "unknown"
2026/08/15 09:52:00 AuditWorker: Error inserting event 03564239-f7f2-44cd-a8a7-f4c7a7d8f232: failed to insert pending batch audit log: pq: invalid input syntax for type uuid: ""
2026/08/15 09:52:00 AuditWorker: Error inserting event 4b122fde-8568-4c6f-b7f2-c08a93932c50: failed to insert pending batch audit log: pq: invalid input syntax for type uuid: ""
2026/08/15 09:52:00 AuditWorker: Error inserting event 2373dae0-f271-49e6-ad1c-ce534e43fd5a: failed to insert pending batch audit log: pq: invalid input syntax for type uuid: "unknown"
2026/08/15 09:52:00 AuditWorker: Error inserting event 5998d9f4-5a73-4722-b980-01ceca38d9e8: failed to insert pending batch audit log: pq: invalid input syntax for type uuid: "unknown"
2026/08/15 09:52:00 AuditWorker: Error inserting event 6a7baeba-a8d4-40e1-a713-9a51c3bb06fb: failed to insert pending batch audit log: pq: invalid input syntax for type uuid: ""
2026/08/15 09:52:00 AuditWorker: Error inserting event 7e556aad-6b25-4d03-9425-b399e87a2189: failed to insert pending batch audit log: pq: invalid input syntax for type uuid: "unknown"
2026/08/15 09:52:00 AuditWorker: Error inserting event efe5c97c-b084-468e-8ac0-62e8e83beb0e: failed to insert pending batch audit log: pq: invalid input syntax for type uuid: ""
2026/08/15 09:52:00 AuditWorker: Error inserting event 768abb7b-2cd5-4dd4-a886-3d2e9dd2df32: failed to insert pending batch audit log: pq: invalid input syntax for type uuid: "unknown"
2026/08/15 09:52:00 AuditWorker: Error inserting event 76e04477-4eef-40a2-a81e-113fa6104ab9: failed to insert pending batch audit log: pq: invalid input syntax for type uuid: "unknown"
2026/08/15 09:52:00 AuditWorker: Error inserting event 097633ec-594f-4b05-8aca-ed0adfacf3d6: failed to insert pending batch audit log: pq: invalid input syntax for type uuid: "unknown"
2026/08/15 09:52:00 AuditWorker: Error inserting event 874182b2-5424-4eb1-81aa-d40f8a3df5ac: failed to insert pending batch audit log: pq: invalid input syntax for type uuid: "unknown"
2026/08/15 09:52:00 AuditWorker: Error inserting event d0dd192f-e1ce-4784-ba36-0badd0c92124: failed to insert pending batch audit log: pq: invalid input syntax for type uuid: "unknown"
2026/08/15 09:52:00 AuditWorker: Error inserting event 5d804547-0299-4d43-a3e1-f8c4b7298710: failed to insert pending batch audit log: pq: invalid input syntax for type uuid: "unknown"
2026/08/15 09:52:00 AuditWorker: Error inserting event a8e27536-31bb-4330-91df-f4570ae02c8f: failed to insert pending batch audit log: pq: invalid input syntax for type uuid: "unknown"
2026/08/15 09:52:00 AuditWorker: Error inserting event 551fa9e4-08d0-4911-a52c-d321a6d652b9: failed to insert pending batch audit log: pq: invalid input syntax for type uuid: "unknown"
2026/08/15 09:52:00 AuditWorker: Error inserting event d88d3a04-1d36-44d8-9f9f-72441b1007cb: failed to insert pending batch audit log: pq: invalid input syntax for type uuid: "unknown"
2026/08/15 09:52:00 AuditWorker: Error inserting event 8a3cd69c-c222-4fae-8d43-f8b448ec8694: failed to insert pending batch audit log: pq: invalid input syntax for type uuid: ""
2026/08/15 09:52:00 AuditWorker: Error inserting event 613660cc-ff8a-4c62-b555-a14a5b68bedb: failed to insert pending batch audit log: pq: invalid input syntax for type uuid: ""
2026/08/15 09:52:00 AuditWorker: Error inserting event 5c0b9de6-8bfc-4a84-9aef-b269216e906e: failed to insert pending batch audit log: pq: invalid input syntax for type uuid: ""
2026/08/15 09:52:00 AuditWorker: Error inserting event c7d96929-338a-4a4c-8d18-a8d9ed5a427a: failed to insert pending batch audit log: pq: invalid input syntax for type uuid: ""
2026/08/15 09:52:00 AuditWorker: Error inserting event a22b110f-7c3d-4f57-bcfe-721aa0a7c23a: failed to insert pending batch audit log: pq: invalid input syntax for type uuid: ""
2026/08/15 09:52:00 AuditWorker: Error inserting event 0f951c6a-d368-48e8-bb33-961e4a51e3b2: failed to insert pending batch audit log: pq: invalid input syntax for type uuid: ""
2026/08/15 09:52:00 AuditWorker: Error inserting event b6c443a8-6482-45bd-888f-6a1a61bb69d1: failed to insert pending batch audit log: pq: invalid input syntax for type uuid: ""
2026/08/15 09:52:00 AuditWorker: Error inserting event 77e1e398-2285-4b09-90b7-e7e8b15ce563: failed to insert pending batch audit log: pq: invalid input syntax for type uuid: ""
2026/08/15 09:52:00 AuditWorker: Error inserting event 2497c5e5-6c55-4c15-8e43-eb95236872f9: failed to insert pending batch audit log: pq: invalid input syntax for type uuid: "unknown"
2026/08/15 09:52:00 AuditWorker: Error inserting event d41d3d1b-30da-4f24-b58d-18105c2f4165: failed to insert pending batch audit log: pq: invalid input syntax for type uuid: ""
2026/08/15 09:52:00 AuditWorker: Error inserting event 8e51337f-d1e4-4f3f-8701-e78dde7441d7: failed to insert pending batch audit log: pq: invalid input syntax for type uuid: ""
2026/08/15 09:52:00 AuditWorker: Error inserting event 49327a63-8e46-4488-8cb6-e4667e51414f: failed to insert pending batch audit log: pq: invalid input syntax for type uuid: "unknown"
2026/08/15 09:52:00 AuditWorker: Error inserting event 3fae9265-a26d-4485-90c8-4d59bc25588c: failed to insert pending batch audit log: pq: invalid input syntax for type uuid: "unknown"
2026/08/15 09:52:00 AuditWorker: Error inserting event 94db57aa-8e53-4985-bbfc-7abbffbd9594: failed to insert pending batch audit log: pq: invalid input syntax for type uuid: ""
2026/08/15 09:52:00 AuditWorker: Error inserting event 29ac45da-3148-41f8-a027-bd065aa41e72: failed to insert pending batch audit log: pq: invalid input syntax for type uuid: "unknown"
2026/08/15 09:52:00 AuditWorker: Error inserting event 03564239-f7f2-44cd-a8a7-f4c7a7d8f232: failed to insert pending batch audit log: pq: invalid input syntax for type uuid: ""
2026/08/15 09:52:00 AuditWorker: Error inserting event 4b122fde-8568-4c6f-b7f2-c08a93932c50: failed to insert pending batch audit log: pq: invalid input syntax for type uuid: ""
2026/08/15 09:52:00 AuditWorker: Error inserting event 2373dae0-f271-49e6-ad1c-ce534e43fd5a: failed to insert pending batch audit log: pq: invalid input syntax for type uuid: "unknown"
2026/08/15 09:52:00 AuditWorker: Error inserting event 5998d9f4-5a73-4722-b980-01ceca38d9e8: failed to insert pending batch audit log: pq: invalid input syntax for type uuid: "unknown"
2026/08/15 09:52:00 AuditWorker: Error inserting event 6a7baeba-a8d4-40e1-a713-9a51c3bb06fb: failed to insert pending batch audit log: pq: invalid input syntax for type uuid: ""
2026/08/15 09:52:00 AuditWorker: Error inserting event 7e556aad-6b25-4d03-9425-b399e87a2189: failed to insert pending batch audit log: pq: invalid input syntax for type uuid: "unknown"
2026/08/15 09:52:00 AuditWorker: Error inserting event efe5c97c-b084-468e-8ac0-62e8e83beb0e: failed to insert pending batch audit log: pq: invalid input syntax for type uuid: ""
2026/08/15 09:52:00 AuditWorker: Error inserting event 768abb7b-2cd5-4dd4-a886-3d2e9dd2df32: failed to insert pending batch audit log: pq: invalid input syntax for type uuid: "unknown"
2026/08/15 09:52:00 AuditWorker: Error inserting event 76e04477-4eef-40a2-a81e-113fa6104ab9: failed to insert pending batch audit log: pq: invalid input syntax for type uuid: "unknown"
2026/08/15 09:52:00 AuditWorker: Error inserting event 097633ec-594f-4b05-8aca-ed0adfacf3d6: failed to insert pending batch audit log: pq: invalid input syntax for type uuid: "unknown"
2026/08/15 09:52:00 AuditWorker: Error inserting event 874182b2-5424-4eb1-81aa-d40f8a3df5ac: failed to insert pending batch audit log: pq: invalid input syntax for type uuid: "unknown"
2026/08/15 09:52:00 AuditWorker: Error inserting event d0dd192f-e1ce-4784-ba36-0badd0c92124: failed to insert pending batch audit log: pq: invalid input syntax for type uuid: "unknown"
2026/08/15 09:52:00 AuditWorker: Error inserting event 5d804547-0299-4d43-a3e1-f8c4b7298710: failed to insert pending batch audit log: pq: invalid input syntax for type uuid: "unknown"
2026/08/15 09:52:00 AuditWorker: Error inserting event a8e27536-31bb-4330-91df-f4570ae02c8f: failed to insert pending batch audit log: pq: invalid input syntax for type uuid: "unknown"
2026/08/15 09:52:00 AuditWorker: Error inserting event 551fa9e4-08d0-4911-a52c-d321a6d652b9: failed to insert pending batch audit log: pq: invalid input syntax for type uuid: "unknown"
2026/08/15 09:52:00 AuditWorker: Error inserting event d88d3a04-1d36-44d8-9f9f-72441b1007cb: failed to insert pending batch audit log: pq: invalid input syntax for type uuid: "unknown"
2026/08/15 09:52:00 AuditWorker: Error inserting event 8a3cd69c-c222-4fae-8d43-f8b448ec8694: failed to insert pending batch audit log: pq: invalid input syntax for type uuid: ""
2026/08/15 09:52:00 AuditWorker: Error inserting event 613660cc-ff8a-4c62-b555-a14a5b68bedb: failed to insert pending batch audit log: pq: invalid input syntax for type uuid: ""
2026/08/15 09:52:00 AuditWorker: Error inserting event 5c0b9de6-8bfc-4a84-9aef-b269216e906e: failed to insert pending batch audit log: pq: invalid input syntax for type uuid: ""
2026/08/15 09:52:00 AuditWorker: Error inserting event c7d96929-338a-4a4c-8d18-a8d9ed5a427a: failed to insert pending batch audit log: pq: invalid input syntax for type uuid: ""
2026/08/15 09:52:00 AuditWorker: Error inserting event a22b110f-7c3d-4f57-bcfe-721aa0a7c23a: failed to insert pending batch audit log: pq: invalid input syntax for type uuid: ""
2026/08/15 09:52:00 AuditWorker: Error inserting event 0f951c6a-d368-48e8-bb33-961e4a51e3b2: failed to insert pending batch audit log: pq: invalid input syntax for type uuid: ""
2026/08/15 09:52:00 AuditWorker: Error inserting event b6c443a8-6482-45bd-888f-6a1a61bb69d1: failed to insert pending batch audit log: pq: invalid input syntax for type uuid: ""
2026/08/15 09:52:00 AuditWorker: Error inserting event 77e1e398-2285-4b09-90b7-e7e8b15ce563: failed to insert pending batch audit log: pq: invalid input syntax for type uuid: ""
2026/08/15 09:52:00 AuditWorker: Error inserting event 2497c5e5-6c55-4c15-8e43-eb95236872f9: failed to insert pending batch audit log: pq: invalid input syntax for type uuid: "unknown"
2026/08/15 09:52:00 AuditWorker: Error inserting event d41d3d1b-30da-4f24-b58d-18105c2f4165: failed to insert pending batch audit log: pq: invalid input syntax for type uuid: ""
2026/08/15 09:52:00 AuditWorker: Error inserting event 8e51337f-d1e4-4f3f-8701-e78dde7441d7: failed to insert pending batch audit log: pq: invalid input syntax for type uuid: ""
2026/08/15 09:52:00 AuditWorker: Error inserting event 49327a63-8e46-4488-8cb6-e4667e51414f: failed to insert pending batch audit log: pq: invalid input syntax for type uuid: "unknown"
2026/08/15 09:52:00 AuditWorker: Error inserting event 3fae9265-a26d-4485-90c8-4d59bc25588c: failed to insert pending batch audit log: pq: invalid input syntax for type uuid: "unknown"
2026/08/15 09:52:00 AuditWorker: Error inserting event 94db57aa-8e53-4985-bbfc-7abbffbd9594: failed to insert pending batch audit log: pq: invalid input syntax for type uuid: ""
2026/08/15 09:52:00 AuditWorker: Error inserting event 29ac45da-3148-41f8-a027-bd065aa41e72: failed to insert pending batch audit log: pq: invalid input syntax for type uuid: "unknown"
2026/08/15 09:52:00 AuditWorker: Error inserting event 03564239-f7f2-44cd-a8a7-f4c7a7d8f232: failed to insert pending batch audit log: pq: invalid input syntax for type uuid: ""
2026/08/15 09:52:00 AuditWorker: Error inserting event 4b122fde-8568-4c6f-b7f2-c08a93932c50: failed to insert pending batch audit log: pq: invalid input syntax for type uuid: ""
2026/08/15 09:52:00 AuditWorker: Error inserting event 2373dae0-f271-49e6-ad1c-ce534e43fd5a: failed to insert pending batch audit log: pq: invalid input syntax for type uuid: "unknown"
2026/08/15 09:52:00 AuditWorker: Error inserting event 5998d9f4-5a73-4722-b980-01ceca38d9e8: failed to insert pending batch audit log: pq: invalid input syntax for type uuid: "unknown"
2026/08/15 09:52:00 AuditWorker: Error inserting event 6a7baeba-a8d4-40e1-a713-9a51c3bb06fb: failed to insert pending batch audit log: pq: invalid input syntax for type uuid: ""
2026/08/15 09:52:00 AuditWorker: Error inserting event 7e556aad-6b25-4d03-9425-b399e87a2189: failed to insert pending batch audit log: pq: invalid input syntax for type uuid: "unknown"
2026/08/15 09:52:00 AuditWorker: Error inserting event efe5c97c-b084-468e-8ac0-62e8e83beb0e: failed to insert pending batch audit log: pq: invalid input syntax for type uuid: ""
2026/08/15 09:52:00 AuditWorker: Error inserting event 768abb7b-2cd5-4dd4-a886-3d2e9dd2df32: failed to insert pending batch audit log: pq: invalid input syntax for type uuid: "unknown"
2026/08/15 09:52:00 AuditWorker: Error inserting event 76e04477-4eef-40a2-a81e-113fa6104ab9: failed to insert pending batch audit log: pq: invalid input syntax for type uuid: "unknown"
2026/08/15 09:52:00 AuditWorker: Error inserting event 097633ec-594f-4b05-8aca-ed0adfacf3d6: failed to insert pending batch audit log: pq: invalid input syntax for type uuid: "unknown"
2026/08/15 09:52:00 AuditWorker: Error inserting event 874182b2-5424-4eb1-81aa-d40f8a3df5ac: failed to insert pending batch audit log: pq: invalid input syntax for type uuid: "unknown"
2026/08/15 09:52:00 AuditWorker: Error inserting event d0dd192f-e1ce-4784-ba36-0badd0c92124: failed to insert pending batch audit log: pq: invalid input syntax for type uuid: "unknown"
2026/08/15 09:52:00 AuditWorker: Error inserting event 5d804547-0299-4d43-a3e1-f8c4b7298710: failed to insert pending batch audit log: pq: invalid input syntax for type uuid: "unknown"
2026/08/15 09:52:00 AuditWorker: Error inserting event a8e27536-31bb-4330-91df-f4570ae02c8f: failed to insert pending batch audit log: pq: invalid input syntax for type uuid: "unknown"
2026/08/15 09:52:00 AuditWorker: Error inserting event 551fa9e4-08d0-4911-a52c-d321a6d652b9: failed to insert pending batch audit log: pq: invalid input syntax for type uuid: "unknown"
2026/08/15 09:52:00 AuditWorker: Error inserting event d88d3a04-1d36-44d8-9f9f-72441b1007cb: failed to insert pending batch audit log: pq: invalid input syntax for type uuid: "unknown"
2026/08/15 09:52:00 AuditWorker: Error inserting event 8a3cd69c-c222-4fae-8d43-f8b448ec8694: failed to insert pending batch audit log: pq: invalid input syntax for type uuid: ""
2026/08/15 09:52:00 AuditWorker: Error inserting event 613660cc-ff8a-4c62-b555-a14a5b68bedb: failed to insert pending batch audit log: pq: invalid input syntax for type uuid: ""
2026/08/15 09:52:00 AuditWorker: Error inserting event 5c0b9de6-8bfc-4a84-9aef-b269216e906e: failed to insert pending batch audit log: pq: invalid input syntax for type uuid: ""
2026/08/15 09:52:00 AuditWorker: Error inserting event c7d96929-338a-4a4c-8d18-a8d9ed5a427a: failed to insert pending batch audit log: pq: invalid input syntax for type uuid: ""
2026/08/15 09:52:00 AuditWorker: Error inserting event a22b110f-7c3d-4f57-bcfe-721aa0a7c23a: failed to insert pending batch audit log: pq: invalid input syntax for type uuid: ""
2026/08/15 09:52:00 AuditWorker: Error inserting event 0f951c6a-d368-48e8-bb33-961e4a51e3b2: failed to insert pending batch audit log: pq: invalid input syntax for type uuid: ""
2026/08/15 09:52:00 AuditWorker: Error inserting event b6c443a8-6482-45bd-888f-6a1a61bb69d1: failed to insert pending batch audit log: pq: invalid input syntax for type uuid: ""
2026/08/15 09:52:00 AuditWorker: Error inserting event 77e1e398-2285-4b09-90b7-e7e8b15ce563: failed to insert pending batch audit log: pq: invalid input syntax for type uuid: ""
2026/08/15 09:52:00 AuditWorker: Error inserting event 2497c5e5-6c55-4c15-8e43-eb95236872f9: failed to insert pending batch audit log: pq: invalid input syntax for type uuid: "unknown"
2026/08/15 09:52:00 AuditWorker: Error inserting event d41d3d1b-30da-4f24-b58d-18105c2f4165: failed to insert pending batch audit log: pq: invalid input syntax for type uuid: ""
2026/08/15 09:52:00 AuditWorker: Error inserting event 8e51337f-d1e4-4f3f-8701-e78dde7441d7: failed to insert pending batch audit log: pq: invalid input syntax for type uuid: ""
2026/08/15 09:52:00 AuditWorker: Error inserting event 49327a63-8e46-4488-8cb6-e4667e51414f: failed to insert pending batch audit log: pq: invalid input syntax for type uuid: "unknown"
2026/08/15 09:52:00 AuditWorker: Error inserting event 3fae9265-a26d-4485-90c8-4d59bc25588c: failed to insert pending batch audit log: pq: invalid input syntax for type uuid: "unknown"
2026/08/15 09:52:00 AuditWorker: Error inserting event 94db57aa-8e53-4985-bbfc-7abbffbd9594: failed to insert pending batch audit log: pq: invalid input syntax for type uuid: ""
2026/08/15 09:52:00 AuditWorker: Error inserting event 29ac45da-3148-41f8-a027-bd065aa41e72: failed to insert pending batch audit log: pq: invalid input syntax for type uuid: "unknown"
2026/08/15 09:52:00 AuditWorker: Error inserting event 03564239-f7f2-44cd-a8a7-f4c7a7d8f232: failed to insert pending batch audit log: pq: invalid input syntax for type uuid: ""
2026/08/15 09:52:00 AuditWorker: Error inserting event 4b122fde-8568-4c6f-b7f2-c08a93932c50: failed to insert pending batch audit log: pq: invalid input syntax for type uuid: ""
2026/08/15 09:52:00 AuditWorker: Error inserting event 2373dae0-f271-49e6-ad1c-ce534e43fd5a: failed to insert pending batch audit log: pq: invalid input syntax for type uuid: "unknown"
2026/08/15 09:52:00 AuditWorker: Error inserting event 5998d9f4-5a73-4722-b980-01ceca38d9e8: failed to insert pending batch audit log: pq: invalid input syntax for type uuid: "unknown"
2026/08/15 09:52:00 AuditWorker: Error inserting event 6a7baeba-a8d4-40e1-a713-9a51c3bb06fb: failed to insert pending batch audit log: pq: invalid input syntax for type uuid: ""
2026/08/15 09:52:00 AuditWorker: Error inserting event 7e556aad-6b25-4d03-9425-b399e87a2189: failed to insert pending batch audit log: pq: invalid input syntax for type uuid: "unknown"
2026/08/15 09:52:00 AuditWorker: Error inserting event efe5c97c-b084-468e-8ac0-62e8e83beb0e: failed to insert pending batch audit log: pq: invalid input syntax for type uuid: ""
2026/08/15 09:52:00 AuditWorker: Error inserting event 768abb7b-2cd5-4dd4-a886-3d2e9dd2df32: failed to insert pending batch audit log: pq: invalid input syntax for type uuid: "unknown"
2026/08/15 09:52:00 AuditWorker: Error inserting event 76e04477-4eef-40a2-a81e-113fa6104ab9: failed to insert pending batch audit log: pq: invalid input syntax for type uuid: "unknown"
2026/08/15 09:52:00 AuditWorker: Error inserting event 097633ec-594f-4b05-8aca-ed0adfacf3d6: failed to insert pending batch audit log: pq: invalid input syntax for type uuid: "unknown"
2026/08/15 09:52:00 AuditWorker: Error inserting event 874182b2-5424-4eb1-81aa-d40f8a3df5ac: failed to insert pending batch audit log: pq: invalid input syntax for type uuid: "unknown"
2026/08/15 09:52:00 AuditWorker: Error inserting event d0dd192f-e1ce-4784-ba36-0badd0c92124: failed to insert pending batch audit log: pq: invalid input syntax for type uuid: "unknown"
2026/08/15 09:52:00 AuditWorker: Error inserting event 5d804547-0299-4d43-a3e1-f8c4b7298710: failed to insert pending batch audit log: pq: invalid input syntax for type uuid: "unknown"
2026/08/15 09:52:00 AuditWorker: Error inserting event a8e27536-31bb-4330-91df-f4570ae02c8f: failed to insert pending batch audit log: pq: invalid input syntax for type uuid: "unknown"
2026/08/15 09:52:00 AuditWorker: Error inserting event 551fa9e4-08d0-4911-a52c-d321a6d652b9: failed to insert pending batch audit log: pq: invalid input syntax for type uuid: "unknown"
2026/08/15 09:52:00 AuditWorker: Error inserting event d88d3a04-1d36-44d8-9f9f-72441b1007cb: failed to insert pending batch audit log: pq: invalid input syntax for type uuid: "unknown"
2026/08/15 09:52:00 AuditWorker: Error inserting event 8a3cd69c-c222-4fae-8d43-f8b448ec8694: failed to insert pending batch audit log: pq: invalid input syntax for type uuid: ""
2026/08/15 09:52:00 AuditWorker: Error inserting event 613660cc-ff8a-4c62-b555-a14a5b68bedb: failed to insert pending batch audit log: pq: invalid input syntax for type uuid: ""
2026/08/15 09:52:00 AuditWorker: Error inserting event 5c0b9de6-8bfc-4a84-9aef-b269216e906e: failed to insert pending batch audit log: pq: invalid input syntax for type uuid: ""
2026/08/15 09:52:00 AuditWorker: Error inserting event c7d96929-338a-4a4c-8d18-a8d9ed5a427a: failed to insert pending batch audit log: pq: invalid input syntax for type uuid: ""
2026/08/15 09:52:00 AuditWorker: Error inserting event a22b110f-7c3d-4f57-bcfe-721aa0a7c23a: failed to insert pending batch audit log: pq: invalid input syntax for type uuid: ""
2026/08/15 09:52:00 AuditWorker: Error inserting event 0f951c6a-d368-48e8-bb33-961e4a51e3b2: failed to insert pending batch audit log: pq: invalid input syntax for type uuid: ""
2026/08/15 09:52:00 AuditWorker: Error inserting event b6c443a8-6482-45bd-888f-6a1a61bb69d1: failed to insert pending batch audit log: pq: invalid input syntax for type uuid: ""
2026/08/15 09:52:00 AuditWorker: Error inserting event 77e1e398-2285-4b09-90b7-e7e8b15ce563: failed to insert pending batch audit log: pq: invalid input syntax for type uuid: ""
2026/08/15 09:52:00 AuditWorker: Error inserting event 2497c5e5-6c55-4c15-8e43-eb95236872f9: failed to insert pending batch audit log: pq: invalid input syntax for type uuid: "unknown"
2026/08/15 09:52:00 AuditWorker: Error inserting event d41d3d1b-30da-4f24-b58d-18105c2f4165: failed to insert pending batch audit log: pq: invalid input syntax for type uuid: ""
2026/08/15 09:52:00 AuditWorker: Error inserting event 8e51337f-d1e4-4f3f-8701-e78dde7441d7: failed to insert pending batch audit log: pq: invalid input syntax for type uuid: ""
2026/08/15 09:52:00 AuditWorker: Error inserting event 49327a63-8e46-4488-8cb6-e4667e51414f: failed to insert pending batch audit log: pq: invalid input syntax for type uuid: "unknown"
2026/08/15 09:52:00 AuditWorker: Error inserting event 3fae9265-a26d-4485-90c8-4d59bc25588c: failed to insert pending batch audit log: pq: invalid input syntax for type uuid: "unknown"
2026/08/15 09:52:00 AuditWorker: Error inserting event 94db57aa-8e53-4985-bbfc-7abbffbd9594: failed to insert pending batch audit log: pq: invalid input syntax for type uuid: ""
2026/08/15 09:52:00 AuditWorker: Error inserting event 29ac45da-3148-41f8-a027-bd065aa41e72: failed to insert pending batch audit log: pq: invalid input syntax for type uuid: "unknown"
2026/08/15 09:52:00 AuditWorker: Error inserting event 03564239-f7f2-44cd-a8a7-f4c7a7d8f232: failed to insert pending batch audit log: pq: invalid input syntax for type uuid: ""
2026/08/15 09:52:00 AuditWorker: Error inserting event 4b122fde-8568-4c6f-b7f2-c08a93932c50: failed to insert pending batch audit log: pq: invalid input syntax for type uuid: ""
2026/08/15 09:52:00 AuditWorker: Error inserting event 2373dae0-f271-49e6-ad1c-ce534e43fd5a: failed to insert pending batch audit log: pq: invalid input syntax for type uuid: "unknown"
2026/08/15 09:52:00 AuditWorker: Error inserting event 5998d9f4-5a73-4722-b980-01ceca38d9e8: failed to insert pending batch audit log: pq: invalid input syntax for type uuid: "unknown"
2026/08/15 09:52:00 AuditWorker: Error inserting event 6a7baeba-a8d4-40e1-a713-9a51c3bb06fb: failed to insert pending batch audit log: pq: invalid input syntax for type uuid: ""
2026/08/15 09:52:00 AuditWorker: Error inserting event 7e556aad-6b25-4d03-9425-b399e87a2189: failed to insert pending batch audit log: pq: invalid input syntax for type uuid: "unknown"
2026/08/15 09:52:00 AuditWorker: Error inserting event efe5c97c-b084-468e-8ac0-62e8e83beb0e: failed to insert pending batch audit log: pq: invalid input syntax for type uuid: ""
2026/08/15 09:52:00 AuditWorker: Error inserting event 768abb7b-2cd5-4dd4-a886-3d2e9dd2df32: failed to insert pending batch audit log: pq: invalid input syntax for type uuid: "unknown"
2026/08/15 09:52:00 AuditWorker: Error inserting event 76e04477-4eef-40a2-a81e-113fa6104ab9: failed to insert pending batch audit log: pq: invalid input syntax for type uuid: "unknown"
2026/08/15 09:52:00 AuditWorker: Error inserting event 097633ec-594f-4b05-8aca-ed0adfacf3d6: failed to insert pending batch audit log: pq: invalid input syntax for type uuid: "unknown"
2026/08/15 09:52:00 AuditWorker: Error inserting event 874182b2-5424-4eb1-81aa-d40f8a3df5ac: failed to insert pending batch audit log: pq: invalid input syntax for type uuid: "unknown"
2026/08/15 09:52:00 AuditWorker: Error inserting event d0dd192f-e1ce-4784-ba36-0badd0c92124: failed to insert pending batch audit log: pq: invalid input syntax for type uuid: "unknown"
2026/08/15 09:52:00 AuditWorker: Error inserting event 5d804547-0299-4d43-a3e1-f8c4b7298710: failed to insert pending batch audit log: pq: invalid input syntax for type uuid: "unknown"
2026/08/15 09:52:00 AuditWorker: Error inserting event a8e27536-31bb-4330-91df-f4570ae02c8f: failed to insert pending batch audit log: pq: invalid input syntax for type uuid: "unknown"
2026/08/15 09:52:00 AuditWorker: Error inserting event 551fa9e4-08d0-4911-a52c-d321a6d652b9: failed to insert pending batch audit log: pq: invalid input syntax for type uuid: "unknown"
2026/08/15 09:52:00 AuditWorker: Error inserting event d88d3a04-1d36-44d8-9f9f-72441b1007cb: failed to insert pending batch audit log: pq: invalid input syntax for type uuid: "unknown"
2026/08/15 09:52:00 AuditWorker: Error inserting event 8a3cd69c-c222-4fae-8d43-f8b448ec8694: failed to insert pending batch audit log: pq: invalid input syntax for type uuid: ""
2026/08/15 09:52:00 AuditWorker: Error inserting event 613660cc-ff8a-4c62-b555-a14a5b68bedb: failed to insert pending batch audit log: pq: invalid input syntax for type uuid: ""
2026/08/15 09:52:00 AuditWorker: Error inserting event 5c0b9de6-8bfc-4a84-9aef-b269216e906e: failed to insert pending batch audit log: pq: invalid input syntax for type uuid: ""
2026/08/15 09:52:00 AuditWorker: Error inserting event c7d96929-338a-4a4c-8d18-a8d9ed5a427a: failed to insert pending batch audit log: pq: invalid input syntax for type uuid: ""
2026/08/15 09:52:00 AuditWorker: Error inserting event a22b110f-7c3d-4f57-bcfe-721aa0a7c23a: failed to insert pending batch audit log: pq: invalid input syntax for type uuid: ""
2026/08/15 09:52:00 AuditWorker: Error inserting event 0f951c6a-d368-48e8-bb33-961e4a51e3b2: failed to insert pending batch audit log: pq: invalid input syntax for type uuid: ""
2026/08/15 09:52:00 AuditWorker: Error inserting event b6c443a8-6482-45bd-888f-6a1a61bb69d1: failed to insert pending batch audit log: pq: invalid input syntax for type uuid: ""
2026/08/15 09:52:00 AuditWorker: Error inserting event 77e1e398-2285-4b09-90b7-e7e8b15ce563: failed to insert pending batch audit log: pq: invalid input syntax for type uuid: ""
2026/08/15 09:52:00 AuditWorker: Error inserting event 2497c5e5-6c55-4c15-8e43-eb95236872f9: failed to insert pending batch audit log: pq: invalid input syntax for type uuid: "unknown"
2026/08/15 09:52:00 AuditWorker: Error inserting event d41d3d1b-30da-4f24-b58d-18105c2f4165: failed to insert pending batch audit log: pq: invalid input syntax for type uuid: ""
2026/08/15 09:52:00 AuditWorker: Error inserting event 8e51337f-d1e4-4f3f-8701-e78dde7441d7: failed to insert pending batch audit log: pq: invalid input syntax for type uuid: ""
2026/08/15 09:52:00 AuditWorker: Error inserting event 49327a63-8e46-4488-8cb6-e4667e51414f: failed to insert pending batch audit log: pq: invalid input syntax for type uuid: "unknown"
2026/08/15 09:52:00 AuditWorker: Error inserting event 3fae9265-a26d-4485-90c8-4d59bc25588c: failed to insert pending batch audit log: pq: invalid input syntax for type uuid: "unknown"
2026/08/15 09:52:00 AuditWorker: Error inserting event 94db57aa-8e53-4985-bbfc-7abbffbd9594: failed to insert pending batch audit log: pq: invalid input syntax for type uuid: ""
2026/08/15 09:52:00 AuditWorker: Error inserting event 29ac45da-3148-41f8-a027-bd065aa41e72: failed to insert pending batch audit log: pq: invalid input syntax for type uuid: "unknown"
2026/08/15 09:52:00 AuditWorker: Error inserting event 03564239-f7f2-44cd-a8a7-f4c7a7d8f232: failed to insert pending batch audit log: pq: invalid input syntax for type uuid: ""
2026/08/15 09:52:00 AuditWorker: Error inserting event 4b122fde-8568-4c6f-b7f2-c08a93932c50: failed to insert pending batch audit log: pq: invalid input syntax for type uuid: ""
2026/08/15 09:52:00 AuditWorker: Error inserting event 2373dae0-f271-49e6-ad1c-ce534e43fd5a: failed to insert pending batch audit log: pq: invalid input syntax for type uuid: "unknown"
2026/08/15 09:52:00 AuditWorker: Error inserting event 5998d9f4-5a73-4722-b980-01ceca38d9e8: failed to insert pending batch audit log: pq: invalid input syntax for type uuid: "unknown"
2026/08/15 09:52:00 AuditWorker: Error inserting event 6a7baeba-a8d4-40e1-a713-9a51c3bb06fb: failed to insert pending batch audit log: pq: invalid input syntax for type uuid: ""
2026/08/15 09:52:00 AuditWorker: Error inserting event 7e556aad-6b25-4d03-9425-b399e87a2189: failed to insert pending batch audit log: pq: invalid input syntax for type uuid: "unknown"
2026/08/15 09:52:00 AuditWorker: Error inserting event efe5c97c-b084-468e-8ac0-62e8e83beb0e: failed to insert pending batch audit log: pq: invalid input syntax for type uuid: ""
2026/08/15 09:52:00 AuditWorker: Error inserting event 768abb7b-2cd5-4dd4-a886-3d2e9dd2df32: failed to insert pending batch audit log: pq: invalid input syntax for type uuid: "unknown"
2026/08/15 09:52:00 AuditWorker: Error inserting event 76e04477-4eef-40a2-a81e-113fa6104ab9: failed to insert pending batch audit log: pq: invalid input syntax for type uuid: "unknown"
2026/08/15 09:52:00 AuditWorker: Error inserting event 097633ec-594f-4b05-8aca-ed0adfacf3d6: failed to insert pending batch audit log: pq: invalid input syntax for type uuid: "unknown"
2026/08/15 09:52:00 AuditWorker: Error inserting event 874182b2-5424-4eb1-81aa-d40f8a3df5ac: failed to insert pending batch audit log: pq: invalid input syntax for type uuid: "unknown"
2026/08/15 09:52:00 AuditWorker: Error inserting event d0dd192f-e1ce-4784-ba36-0badd0c92124: failed to insert pending batch audit log: pq: invalid input syntax for type uuid: "unknown"
2026/08/15 09:52:00 AuditWorker: Error inserting event 5d804547-0299-4d43-a3e1-f8c4b7298710: failed to insert pending batch audit log: pq: invalid input syntax for type uuid: "unknown"
2026/08/15 09:52:00 AuditWorker: Error inserting event a8e27536-31bb-4330-91df-f4570ae02c8f: failed to insert pending batch audit log: pq: invalid input syntax for type uuid: "unknown"
2026/08/15 09:52:00 AuditWorker: Error inserting event 551fa9e4-08d0-4911-a52c-d321a6d652b9: failed to insert pending batch audit log: pq: invalid input syntax for type uuid: "unknown"
2026/08/15 09:52:00 AuditWorker: Error inserting event d88d3a04-1d36-44d8-9f9f-72441b1007cb: failed to insert pending batch audit log: pq: invalid input syntax for type uuid: "unknown"
2026/08/15 09:52:00 AuditWorker: Error inserting event 8a3cd69c-c222-4fae-8d43-f8b448ec8694: failed to insert pending batch audit log: pq: invalid input syntax for type uuid: ""
2026/08/15 09:52:00 AuditWorker: Error inserting event 613660cc-ff8a-4c62-b555-a14a5b68bedb: failed to insert pending batch audit log: pq: invalid input syntax for type uuid: ""
2026/08/15 09:52:00 AuditWorker: Error inserting event 5c0b9de6-8bfc-4a84-9aef-b269216e906e: failed to insert pending batch audit log: pq: invalid input syntax for type uuid: ""
2026/08/15 09:52:00 AuditWorker: Error inserting event c7d96929-338a-4a4c-8d18-a8d9ed5a427a: failed to insert pending batch audit log: pq: invalid input syntax for type uuid: ""
2026/08/15 09:52:00 AuditWorker: Error inserting event a22b110f-7c3d-4f57-bcfe-721aa0a7c23a: failed to insert pending batch audit log: pq: invalid input syntax for type uuid: ""
2026/08/15 09:52:00 AuditWorker: Error inserting event 0f951c6a-d368-48e8-bb33-961e4a51e3b2: failed to insert pending batch audit log: pq: invalid input syntax for type uuid: ""
2026/08/15 09:52:00 AuditWorker: Error inserting event b6c443a8-6482-45bd-888f-6a1a61bb69d1: failed to insert pending batch audit log: pq: invalid input syntax for type uuid: ""
2026/08/15 09:52:00 AuditWorker: Error inserting event 77e1e398-2285-4b09-90b7-e7e8b15ce563: failed to insert pending batch audit log: pq: invalid input syntax for type uuid: ""
2026/08/15 09:52:00 AuditWorker: Error inserting event 2497c5e5-6c55-4c15-8e43-eb95236872f9: failed to insert pending batch audit log: pq: invalid input syntax for type uuid: "unknown"
2026/08/15 09:52:00 AuditWorker: Error inserting event d41d3d1b-30da-4f24-b58d-18105c2f4165: failed to insert pending batch audit log: pq: invalid input syntax for type uuid: ""
2026/08/15 09:52:00 AuditWorker: Error inserting event 8e51337f-d1e4-4f3f-8701-e78dde7441d7: failed to insert pending batch audit log: pq: invalid input syntax for type uuid: ""
2026/08/15 09:52:00 AuditWorker: Error inserting event 49327a63-8e46-4488-8cb6-e4667e51414f: failed to insert pending batch audit log: pq: invalid input syntax for type uuid: "unknown"
2026/08/15 09:52:00 AuditWorker: Error inserting event 3fae9265-a26d-4485-90c8-4d59bc25588c: failed to insert pending batch audit log: pq: invalid input syntax for type uuid: "unknown"
2026/08/15 09:52:00 AuditWorker: Error inserting event 94db57aa-8e53-4985-bbfc-7abbffbd9594: failed to insert pending batch audit log: pq: invalid input syntax for type uuid: ""
2026/08/15 09:52:00 AuditWorker: Error inserting event 29ac45da-3148-41f8-a027-bd065aa41e72: failed to insert pending batch audit log: pq: invalid input syntax for type uuid: "unknown"
2026/08/15 09:52:00 AuditWorker: Error inserting event 03564239-f7f2-44cd-a8a7-f4c7a7d8f232: failed to insert pending batch audit log: pq: invalid input syntax for type uuid: ""
2026/08/15 09:52:00 AuditWorker: Error inserting event 4b122fde-8568-4c6f-b7f2-c08a93932c50: failed to insert pending batch audit log: pq: invalid input syntax for type uuid: ""
2026/08/15 09:52:00 AuditWorker: Error inserting event 2373dae0-f271-49e6-ad1c-ce534e43fd5a: failed to insert pending batch audit log: pq: invalid input syntax for type uuid: "unknown"
2026/08/15 09:52:00 AuditWorker: Error inserting event 5998d9f4-5a73-4722-b980-01ceca38d9e8: failed to insert pending batch audit log: pq: invalid input syntax for type uuid: "unknown"
2026/08/15 09:52:00 AuditWorker: Error inserting event 6a7baeba-a8d4-40e1-a713-9a51c3bb06fb: failed to insert pending batch audit log: pq: invalid input syntax for type uuid: ""
2026/08/15 09:52:00 AuditWorker: Error inserting event 7e556aad-6b25-4d03-9425-b399e87a2189: failed to insert pending batch audit log: pq: invalid input syntax for type uuid: "unknown"
2026/08/15 09:52:00 AuditWorker: Error inserting event efe5c97c-b084-468e-8ac0-62e8e83beb0e: failed to insert pending batch audit log: pq: invalid input syntax for type uuid: ""
2026/08/15 09:52:00 AuditWorker: Error inserting event 768abb7b-2cd5-4dd4-a886-3d2e9dd2df32: failed to insert pending batch audit log: pq: invalid input syntax for type uuid: "unknown"
2026/08/15 09:52:00 AuditWorker: Error inserting event 76e04477-4eef-40a2-a81e-113fa6104ab9: failed to insert pending batch audit log: pq: invalid input syntax for type uuid: "unknown"
2026/08/15 09:52:00 AuditWorker: Error inserting event 097633ec-594f-4b05-8aca-ed0adfacf3d6: failed to insert pending batch audit log: pq: invalid input syntax for type uuid: "unknown"
2026/08/15 09:52:00 AuditWorker: Error inserting event 874182b2-5424-4eb1-81aa-d40f8a3df5ac: failed to insert pending batch audit log: pq: invalid input syntax for type uuid: "unknown"
2026/08/15 09:52:00 AuditWorker: Error inserting event d0dd192f-e1ce-4784-ba36-0badd0c92124: failed to insert pending batch audit log: pq: invalid input syntax for type uuid: "unknown"
2026/08/15 09:52:00 AuditWorker: Error inserting event 5d804547-0299-4d43-a3e1-f8c4b7298710: failed to insert pending batch audit log: pq: invalid input syntax for type uuid: "unknown"
2026/08/15 09:52:00 AuditWorker: Error inserting event a8e27536-31bb-4330-91df-f4570ae02c8f: failed to insert pending batch audit log: pq: invalid input syntax for type uuid: "unknown"
2026/08/15 09:52:00 AuditWorker: Error inserting event 551fa9e4-08d0-4911-a52c-d321a6d652b9: failed to insert pending batch audit log: pq: invalid input syntax for type uuid: "unknown"
2026/08/15 09:52:00 AuditWorker: Error inserting event d88d3a04-1d36-44d8-9f9f-72441b1007cb: failed to insert pending batch audit log: pq: invalid input syntax for type uuid: "unknown"
2026/08/15 09:52:00 AuditWorker: Error inserting event 8a3cd69c-c222-4fae-8d43-f8b448ec8694: failed to insert pending batch audit log: pq: invalid input syntax for type uuid: ""
2026/08/15 09:52:00 AuditWorker: Error inserting event 613660cc-ff8a-4c62-b555-a14a5b68bedb: failed to insert pending batch audit log: pq: invalid input syntax for type uuid: ""
2026/08/15 09:52:00 AuditWorker: Error inserting event 5c0b9de6-8bfc-4a84-9aef-b269216e906e: failed to insert pending batch audit log: pq: invalid input syntax for type uuid: ""
2026/08/15 09:52:00 AuditWorker: Error inserting event c7d96929-338a-4a4c-8d18-a8d9ed5a427a: failed to insert pending batch audit log: pq: invalid input syntax for type uuid: ""
2026/08/15 09:52:00 AuditWorker: Error inserting event a22b110f-7c3d-4f57-bcfe-721aa0a7c23a: failed to insert pending batch audit log: pq: invalid input syntax for type uuid: ""
2026/08/15 09:52:00 AuditWorker: Error inserting event 0f951c6a-d368-48e8-bb33-961e4a51e3b2: failed to insert pending batch audit log: pq: invalid input syntax for type uuid: ""
2026/08/15 09:52:00 AuditWorker: Error inserting event b6c443a8-6482-45bd-888f-6a1a61bb69d1: failed to insert pending batch audit log: pq: invalid input syntax for type uuid: ""
2026/08/15 09:52:00 AuditWorker: Error inserting event 77e1e398-2285-4b09-90b7-e7e8b15ce563: failed to insert pending batch audit log: pq: invalid input syntax for type uuid: ""
2026/08/15 09:52:00 AuditWorker: Error inserting event 2497c5e5-6c55-4c15-8e43-eb95236872f9: failed to insert pending batch audit log: pq: invalid input syntax for type uuid: "unknown"
2026/08/15 09:52:00 AuditWorker: Error inserting event d41d3d1b-30da-4f24-b58d-18105c2f4165: failed to insert pending batch audit log: pq: invalid input syntax for type uuid: ""
2026/08/15 09:52:00 AuditWorker: Error inserting event 8e51337f-d1e4-4f3f-8701-e78dde7441d7: failed to insert pending batch audit log: pq: invalid input syntax for type uuid: ""
2026/08/15 09:52:00 AuditWorker: Error inserting event 49327a63-8e46-4488-8cb6-e4667e51414f: failed to insert pending batch audit log: pq: invalid input syntax for type uuid: "unknown"
2026/08/15 09:52:00 AuditWorker: Error inserting event 3fae9265-a26d-4485-90c8-4d59bc25588c: failed to insert pending batch audit log: pq: invalid input syntax for type uuid: "unknown"
2026/08/15 09:52:00 AuditWorker: Error inserting event 94db57aa-8e53-4985-bbfc-7abbffbd9594: failed to insert pending batch audit log: pq: invalid input syntax for type uuid: ""
2026/08/15 09:52:00 AuditWorker: Error inserting event 29ac45da-3148-41f8-a027-bd065aa41e72: failed to insert pending batch audit log: pq: invalid input syntax for type uuid: "unknown"
2026/08/15 09:52:00 AuditWorker: Error inserting event 03564239-f7f2-44cd-a8a7-f4c7a7d8f232: failed to insert pending batch audit log: pq: invalid input syntax for type uuid: ""
2026/08/15 09:52:00 AuditWorker: Error inserting event 4b122fde-8568-4c6f-b7f2-c08a93932c50: failed to insert pending batch audit log: pq: invalid input syntax for type uuid: ""
2026/08/15 09:52:00 AuditWorker: Error inserting event 2373dae0-f271-49e6-ad1c-ce534e43fd5a: failed to insert pending batch audit log: pq: invalid input syntax for type uuid: "unknown"
2026/08/15 09:52:00 AuditWorker: Error inserting event 5998d9f4-5a73-4722-b980-01ceca38d9e8: failed to insert pending batch audit log: pq: invalid input syntax for type uuid: "unknown"
2026/08/15 09:52:00 AuditWorker: Error inserting event 6a7baeba-a8d4-40e1-a713-9a51c3bb06fb: failed to insert pending batch audit log: pq: invalid input syntax for type uuid: ""
2026/08/15 09:52:00 AuditWorker: Error inserting event 7e556aad-6b25-4d03-9425-b399e87a2189: failed to insert pending batch audit log: pq: invalid input syntax for type uuid: "unknown"
2026/08/15 09:52:00 AuditWorker: Error inserting event efe5c97c-b084-468e-8ac0-62e8e83beb0e: failed to insert pending batch audit log: pq: invalid input syntax for type uuid: ""
2026/08/15 09:52:00 AuditWorker: Error inserting event 768abb7b-2cd5-4dd4-a886-3d2e9dd2df32: failed to insert pending batch audit log: pq: invalid input syntax for type uuid: "unknown"
2026/08/15 09:52:00 AuditWorker: Error inserting event 76e04477-4eef-40a2-a81e-113fa6104ab9: failed to insert pending batch audit log: pq: invalid input syntax for type uuid: "unknown"
2026/08/15 09:52:00 AuditWorker: Error inserting event 097633ec-594f-4b05-8aca-ed0adfacf3d6: failed to insert pending batch audit log: pq: invalid input syntax for type uuid: "unknown"
2026/08/15 09:52:00 AuditWorker: Error inserting event 874182b2-5424-4eb1-81aa-d40f8a3df5ac: failed to insert pending batch audit log: pq: invalid input syntax for type uuid: "unknown"
2026/08/15 09:52:00 AuditWorker: Error inserting event d0dd192f-e1ce-4784-ba36-0badd0c92124: failed to insert pending batch audit log: pq: invalid input syntax for type uuid: "unknown"
2026/08/15 09:52:00 AuditWorker: Error inserting event 5d804547-0299-4d43-a3e1-f8c4b7298710: failed to insert pending batch audit log: pq: invalid input syntax for type uuid: "unknown"
2026/08/15 09:52:00 AuditWorker: Error inserting event a8e27536-31bb-4330-91df-f4570ae02c8f: failed to insert pending batch audit log: pq: invalid input syntax for type uuid: "unknown"
2026/08/15 09:52:00 AuditWorker: Error inserting event 551fa9e4-08d0-4911-a52c-d321a6d652b9: failed to insert pending batch audit log: pq: invalid input syntax for type uuid: "unknown"
2026/08/15 09:52:00 AuditWorker: Error inserting event d88d3a04-1d36-44d8-9f9f-72441b1007cb: failed to insert pending batch audit log: pq: invalid input syntax for type uuid: "unknown"
2026/08/15 09:52:00 AuditWorker: Error inserting event 8a3cd69c-c222-4fae-8d43-f8b448ec8694: failed to insert pending batch audit log: pq: invalid input syntax for type uuid: ""
2026/08/15 09:52:00 AuditWorker: Error inserting event 613660cc-ff8a-4c62-b555-a14a5b68bedb: failed to insert pending batch audit log: pq: invalid input syntax for type uuid: ""
2026/08/15 09:52:00 AuditWorker: Error inserting event 5c0b9de6-8bfc-4a84-9aef-b269216e906e: failed to insert pending batch audit log: pq: invalid input syntax for type uuid: ""
2026/08/15 09:52:00 AuditWorker: Error inserting event c7d96929-338a-4a4c-8d18-a8d9ed5a427a: failed to insert pending batch audit log: pq: invalid input syntax for type uuid: ""
2026/08/15 09:52:00 AuditWorker: Error inserting event a22b110f-7c3d-4f57-bcfe-721aa0a7c23a: failed to insert pending batch audit log: pq: invalid input syntax for type uuid: ""
2026/08/15 09:52:00 AuditWorker: Error inserting event 0f951c6a-d368-48e8-bb33-961e4a51e3b2: failed to insert pending batch audit log: pq: invalid input syntax for type uuid: ""
2026/08/15 09:52:00 AuditWorker: Error inserting event b6c443a8-6482-45bd-888f-6a1a61bb69d1: failed to insert pending batch audit log: pq: invalid input syntax for type uuid: ""
2026/08/15 09:52:00 AuditWorker: Error inserting event 77e1e398-2285-4b09-90b7-e7e8b15ce563: failed to insert pending batch audit log: pq: invalid input syntax for type uuid: ""
2026/08/15 09:52:00 AuditWorker: Error inserting event 2497c5e5-6c55-4c15-8e43-eb95236872f9: failed to insert pending batch audit log: pq: invalid input syntax for type uuid: "unknown"
2026/08/15 09:52:00 AuditWorker: Error inserting event d41d3d1b-30da-4f24-b58d-18105c2f4165: failed to insert pending batch audit log: pq: invalid input syntax for type uuid: ""
2026/08/15 09:52:00 AuditWorker: Error inserting event 8e51337f-d1e4-4f3f-8701-e78dde7441d7: failed to insert pending batch audit log: pq: invalid input syntax for type uuid: ""
2026/08/15 09:52:00 AuditWorker: Error inserting event 49327a63-8e46-4488-8cb6-e4667e51414f: failed to insert pending batch audit log: pq: invalid input syntax for type uuid: "unknown"
2026/08/15 09:52:00 AuditWorker: Error inserting event 3fae9265-a26d-4485-90c8-4d59bc25588c: failed to insert pending batch audit log: pq: invalid input syntax for type uuid: "unknown"
2026/08/15 09:52:00 AuditWorker: Error inserting event 94db57aa-8e53-4985-bbfc-7abbffbd9594: failed to insert pending batch audit log: pq: invalid input syntax for type uuid: ""
2026/08/15 09:52:00 AuditWorker: Error inserting event 29ac45da-3148-41f8-a027-bd065aa41e72: failed to insert pending batch audit log: pq: invalid input syntax for type uuid: "unknown"
2026/08/15 09:52:00 AuditWorker: Error inserting event 03564239-f7f2-44cd-a8a7-f4c7a7d8f232: failed to insert pending batch audit log: pq: invalid input syntax for type uuid: ""
2026/08/15 09:52:00 AuditWorker: Error inserting event 4b122fde-8568-4c6f-b7f2-c08a93932c50: failed to insert pending batch audit log: pq: invalid input syntax for type uuid: ""
2026/08/15 09:52:00 AuditWorker: Error inserting event 2373dae0-f271-49e6-ad1c-ce534e43fd5a: failed to insert pending batch audit log: pq: invalid input syntax for type uuid: "unknown"
2026/08/15 09:52:00 AuditWorker: Error inserting event 5998d9f4-5a73-4722-b980-01ceca38d9e8: failed to insert pending batch audit log: pq: invalid input syntax for type uuid: "unknown"
2026/08/15 09:52:00 AuditWorker: Error inserting event 6a7baeba-a8d4-40e1-a713-9a51c3bb06fb: failed to insert pending batch audit log: pq: invalid input syntax for type uuid: ""
2026/08/15 09:52:00 AuditWorker: Error inserting event 7e556aad-6b25-4d03-9425-b399e87a2189: failed to insert pending batch audit log: pq: invalid input syntax for type uuid: "unknown"
2026/08/15 09:52:00 AuditWorker: Error inserting event efe5c97c-b084-468e-8ac0-62e8e83beb0e: failed to insert pending batch audit log: pq: invalid input syntax for type uuid: ""
2026/08/15 09:52:00 AuditWorker: Error inserting event 768abb7b-2cd5-4dd4-a886-3d2e9dd2df32: failed to insert pending batch audit log: pq: invalid input syntax for type uuid: "unknown"
2026/08/15 09:52:00 AuditWorker: Error inserting event 76e04477-4eef-40a2-a81e-113fa6104ab9: failed to insert pending batch audit log: pq: invalid input syntax for type uuid: "unknown"
2026/08/15 09:52:00 AuditWorker: Error inserting event 097633ec-594f-4b05-8aca-ed0adfacf3d6: failed to insert pending batch audit log: pq: invalid input syntax for type uuid: "unknown"
2026/08/15 09:52:00 AuditWorker: Error inserting event 874182b2-5424-4eb1-81aa-d40f8a3df5ac: failed to insert pending batch audit log: pq: invalid input syntax for type uuid: "unknown"
2026/08/15 09:52:00 AuditWorker: Error inserting event d0dd192f-e1ce-4784-ba36-0badd0c92124: failed to insert pending batch audit log: pq: invalid input syntax for type uuid: "unknown"
2026/08/15 09:52:00 AuditWorker: Error inserting event 5d804547-0299-4d43-a3e1-f8c4b7298710: failed to insert pending batch audit log: pq: invalid input syntax for type uuid: "unknown"
2026/08/15 09:52:00 AuditWorker: Error inserting event a8e27536-31bb-4330-91df-f4570ae02c8f: failed to insert pending batch audit log: pq: invalid input syntax for type uuid: "unknown"
2026/08/15 09:52:00 AuditWorker: Error inserting event 551fa9e4-08d0-4911-a52c-d321a6d652b9: failed to insert pending batch audit log: pq: invalid input syntax for type uuid: "unknown"
2026/08/15 09:52:00 AuditWorker: Error inserting event d88d3a04-1d36-44d8-9f9f-72441b1007cb: failed to insert pending batch audit log: pq: invalid input syntax for type uuid: "unknown"
2026/08/15 09:52:00 AuditWorker: Error inserting event 8a3cd69c-c222-4fae-8d43-f8b448ec8694: failed to insert pending batch audit log: pq: invalid input syntax for type uuid: ""
2026/08/15 09:52:00 AuditWorker: Error inserting event 613660cc-ff8a-4c62-b555-a14a5b68bedb: failed to insert pending batch audit log: pq: invalid input syntax for type uuid: ""
2026/08/15 09:52:00 AuditWorker: Error inserting event 5c0b9de6-8bfc-4a84-9aef-b269216e906e: failed to insert pending batch audit log: pq: invalid input syntax for type uuid: ""
2026/08/15 09:52:00 AuditWorker: Error inserting event c7d96929-338a-4a4c-8d18-a8d9ed5a427a: failed to insert pending batch audit log: pq: invalid input syntax for type uuid: ""
2026/08/15 09:52:00 AuditWorker: Error inserting event a22b110f-7c3d-4f57-bcfe-721aa0a7c23a: failed to insert pending batch audit log: pq: invalid input syntax for type uuid: ""
2026/08/15 09:52:00 AuditWorker: Error inserting event 0f951c6a-d368-48e8-bb33-961e4a51e3b2: failed to insert pending batch audit log: pq: invalid input syntax for type uuid: ""
2026/08/15 09:52:00 AuditWorker: Error inserting event b6c443a8-6482-45bd-888f-6a1a61bb69d1: failed to insert pending batch audit log: pq: invalid input syntax for type uuid: ""
2026/08/15 09:52:00 AuditWorker: Error inserting event 77e1e398-2285-4b09-90b7-e7e8b15ce563: failed to insert pending batch audit log: pq: invalid input syntax for type uuid: ""
2026/08/15 09:52:00 AuditWorker: Error inserting event 2497c5e5-6c55-4c15-8e43-eb95236872f9: failed to insert pending batch audit log: pq: invalid input syntax for type uuid: "unknown"
2026/08/15 09:52:00 AuditWorker: Error inserting event d41d3d1b-30da-4f24-b58d-18105c2f4165: failed to insert pending batch audit log: pq: invalid input syntax for type uuid: ""
2026/08/15 09:52:00 AuditWorker: Error inserting event 8e51337f-d1e4-4f3f-8701-e78dde7441d7: failed to insert pending batch audit log: pq: invalid input syntax for type uuid: ""
2026/08/15 09:52:00 AuditWorker: Error inserting event 49327a63-8e46-4488-8cb6-e4667e51414f: failed to insert pending batch audit log: pq: invalid input syntax for type uuid: "unknown"
2026/08/15 09:52:00 AuditWorker: Error inserting event 3fae9265-a26d-4485-90c8-4d59bc25588c: failed to insert pending batch audit log: pq: invalid input syntax for type uuid: "unknown"
2026/08/15 09:52:00 AuditWorker: Error inserting event 94db57aa-8e53-4985-bbfc-7abbffbd9594: failed to insert pending batch audit log: pq: invalid input syntax for type uuid: ""
2026/08/15 09:52:00 AuditWorker: Error inserting event 29ac45da-3148-41f8-a027-bd065aa41e72: failed to insert pending batch audit log: pq: invalid input syntax for type uuid: "unknown"
2026/08/15 09:52:00 AuditWorker: Error inserting event 03564239-f7f2-44cd-a8a7-f4c7a7d8f232: failed to insert pending batch audit log: pq: invalid input syntax for type uuid: ""
2026/08/15 09:52:00 AuditWorker: Error inserting event 4b122fde-8568-4c6f-b7f2-c08a93932c50: failed to insert pending batch audit log: pq: invalid input syntax for type uuid: ""
2026/08/15 09:52:00 AuditWorker: Error inserting event 2373dae0-f271-49e6-ad1c-ce534e43fd5a: failed to insert pending batch audit log: pq: invalid input syntax for type uuid: "unknown"
2026/08/15 09:52:00 AuditWorker: Error inserting event 5998d9f4-5a73-4722-b980-01ceca38d9e8: failed to insert pending batch audit log: pq: invalid input syntax for type uuid: "unknown"
2026/08/15 09:52:00 AuditWorker: Error inserting event 6a7baeba-a8d4-40e1-a713-9a51c3bb06fb: failed to insert pending batch audit log: pq: invalid input syntax for type uuid: ""
2026/08/15 09:52:00 AuditWorker: Error inserting event 7e556aad-6b25-4d03-9425-b399e87a2189: failed to insert pending batch audit log: pq: invalid input syntax for type uuid: "unknown"
2026/08/15 09:52:00 AuditWorker: Error inserting event efe5c97c-b084-468e-8ac0-62e8e83beb0e: failed to insert pending batch audit log: pq: invalid input syntax for type uuid: ""
2026/08/15 09:52:00 AuditWorker: Error inserting event 768abb7b-2cd5-4dd4-a886-3d2e9dd2df32: failed to insert pending batch audit log: pq: invalid input syntax for type uuid: "unknown"
2026/08/15 09:52:00 AuditWorker: Error inserting event 76e04477-4eef-40a2-a81e-113fa6104ab9: failed to insert pending batch audit log: pq: invalid input syntax for type uuid: "unknown"
2026/08/15 09:52:00 AuditWorker: Error inserting event 097633ec-594f-4b05-8aca-ed0adfacf3d6: failed to insert pending batch audit log: pq: invalid input syntax for type uuid: "unknown"
2026/08/15 09:52:00 AuditWorker: Error inserting event 874182b2-5424-4eb1-81aa-d40f8a3df5ac: failed to insert pending batch audit log: pq: invalid input syntax for type uuid: "unknown"
2026/08/15 09:52:00 AuditWorker: Error inserting event d0dd192f-e1ce-4784-ba36-0badd0c92124: failed to insert pending batch audit log: pq: invalid input syntax for type uuid: "unknown"
2026/08/15 09:52:00 AuditWorker: Error inserting event 5d804547-0299-4d43-a3e1-f8c4b7298710: failed to insert pending batch audit log: pq: invalid input syntax for type uuid: "unknown"
2026/08/15 09:52:00 AuditWorker: Error inserting event a8e27536-31bb-4330-91df-f4570ae02c8f: failed to insert pending batch audit log: pq: invalid input syntax for type uuid: "unknown"
2026/08/15 09:52:00 AuditWorker: Error inserting event 551fa9e4-08d0-4911-a52c-d321a6d652b9: failed to insert pending batch audit log: pq: invalid input syntax for type uuid: "unknown"
2026/08/15 09:52:00 AuditWorker: Error inserting event d88d3a04-1d36-44d8-9f9f-72441b1007cb: failed to insert pending batch audit log: pq: invalid input syntax for type uuid: "unknown"
2026/08/15 09:52:00 AuditWorker: Error inserting event 8a3cd69c-c222-4fae-8d43-f8b448ec8694: failed to insert pending batch audit log: pq: invalid input syntax for type uuid: ""
2026/08/15 09:52:00 AuditWorker: Error inserting event 613660cc-ff8a-4c62-b555-a14a5b68bedb: failed to insert pending batch audit log: pq: invalid input syntax for type uuid: ""
2026/08/15 09:52:00 AuditWorker: Error inserting event 5c0b9de6-8bfc-4a84-9aef-b269216e906e: failed to insert pending batch audit log: pq: invalid input syntax for type uuid: ""
2026/08/15 09:52:00 AuditWorker: Error inserting event c7d96929-338a-4a4c-8d18-a8d9ed5a427a: failed to insert pending batch audit log: pq: invalid input syntax for type uuid: ""
2026/08/15 09:52:00 AuditWorker: Error inserting event a22b110f-7c3d-4f57-bcfe-721aa0a7c23a: failed to insert pending batch audit log: pq: invalid input syntax for type uuid: ""
2026/08/15 09:52:00 AuditWorker: Error inserting event 0f951c6a-d368-48e8-bb33-961e4a51e3b2: failed to insert pending batch audit log: pq: invalid input syntax for type uuid: ""
2026/08/15 09:52:00 AuditWorker: Error inserting event b6c443a8-6482-45bd-888f-6a1a61bb69d1: failed to insert pending batch audit log: pq: invalid input syntax for type uuid: ""
2026/08/15 09:52:00 AuditWorker: Error inserting event 77e1e398-2285-4b09-90b7-e7e8b15ce563: failed to insert pending batch audit log: pq: invalid input syntax for type uuid: ""
2026/08/15 09:52:00 AuditWorker: Error inserting event 2497c5e5-6c55-4c15-8e43-eb95236872f9: failed to insert pending batch audit log: pq: invalid input syntax for type uuid: "unknown"
2026/08/15 09:52:00 AuditWorker: Error inserting event d41d3d1b-30da-4f24-b58d-18105c2f4165: failed to insert pending batch audit log: pq: invalid input syntax for type uuid: ""
2026/08/15 09:52:00 AuditWorker: Error inserting event 8e51337f-d1e4-4f3f-8701-e78dde7441d7: failed to insert pending batch audit log: pq: invalid input syntax for type uuid: ""
2026/08/15 09:52:00 AuditWorker: Error inserting event 49327a63-8e46-4488-8cb6-e4667e51414f: failed to insert pending batch audit log: pq: invalid input syntax for type uuid: "unknown"
2026/08/15 09:52:00 AuditWorker: Error inserting event 3fae9265-a26d-4485-90c8-4d59bc25588c: failed to insert pending batch audit log: pq: invalid input syntax for type uuid: "unknown"
2026/08/15 09:52:00 AuditWorker: Error inserting event 94db57aa-8e53-4985-bbfc-7abbffbd9594: failed to insert pending batch audit log: pq: invalid input syntax for type uuid: ""
2026/08/15 09:52:00 AuditWorker: Error inserting event 29ac45da-3148-41f8-a027-bd065aa41e72: failed to insert pending batch audit log: pq: invalid input syntax for type uuid: "unknown"
2026/08/15 09:52:00 AuditWorker: Error inserting event 03564239-f7f2-44cd-a8a7-f4c7a7d8f232: failed to insert pending batch audit log: pq: invalid input syntax for type uuid: ""
2026/08/15 09:52:00 AuditWorker: Error inserting event 4b122fde-8568-4c6f-b7f2-c08a93932c50: failed to insert pending batch audit log: pq: invalid input syntax for type uuid: ""
2026/08/15 09:52:00 AuditWorker: Error inserting event 2373dae0-f271-49e6-ad1c-ce534e43fd5a: failed to insert pending batch audit log: pq: invalid input syntax for type uuid: "unknown"
2026/08/15 09:52:00 AuditWorker: Error inserting event 5998d9f4-5a73-4722-b980-01ceca38d9e8: failed to insert pending batch audit log: pq: invalid input syntax for type uuid: "unknown"
2026/08/15 09:52:00 AuditWorker: Error inserting event 6a7baeba-a8d4-40e1-a713-9a51c3bb06fb: failed to insert pending batch audit log: pq: invalid input syntax for type uuid: ""
2026/08/15 09:52:00 AuditWorker: Error inserting event 7e556aad-6b25-4d03-9425-b399e87a2189: failed to insert pending batch audit log: pq: invalid input syntax for type uuid: "unknown"
2026/08/15 09:52:00 AuditWorker: Error inserting event efe5c97c-b084-468e-8ac0-62e8e83beb0e: failed to insert pending batch audit log: pq: invalid input syntax for type uuid: ""
2026/08/15 09:52:00 AuditWorker: Error inserting event 768abb7b-2cd5-4dd4-a886-3d2e9dd2df32: failed to insert pending batch audit log: pq: invalid input syntax for type uuid: "unknown"
2026/08/15 09:52:00 AuditWorker: Error inserting event 76e04477-4eef-40a2-a81e-113fa6104ab9: failed to insert pending batch audit log: pq: invalid input syntax for type uuid: "unknown"
2026/08/15 09:52:00 AuditWorker: Error inserting event 097633ec-594f-4b05-8aca-ed0adfacf3d6: failed to insert pending batch audit log: pq: invalid input syntax for type uuid: "unknown"
2026/08/15 09:52:00 AuditWorker: Error inserting event 874182b2-5424-4eb1-81aa-d40f8a3df5ac: failed to insert pending batch audit log: pq: invalid input syntax for type uuid: "unknown"
2026/08/15 09:52:00 AuditWorker: Error inserting event d0dd192f-e1ce-4784-ba36-0badd0c92124: failed to insert pending batch audit log: pq: invalid input syntax for type uuid: "unknown"
2026/08/15 09:52:00 AuditWorker: Error inserting event 5d804547-0299-4d43-a3e1-f8c4b7298710: failed to insert pending batch audit log: pq: invalid input syntax for type uuid: "unknown"
2026/08/15 09:52:00 AuditWorker: Error inserting event a8e27536-31bb-4330-91df-f4570ae02c8f: failed to insert pending batch audit log: pq: invalid input syntax for type uuid: "unknown"
2026/08/15 09:52:00 AuditWorker: Error inserting event 551fa9e4-08d0-4911-a52c-d321a6d652b9: failed to insert pending batch audit log: pq: invalid input syntax for type uuid: "unknown"
2026/08/15 09:52:00 AuditWorker: Error inserting event d88d3a04-1d36-44d8-9f9f-72441b1007cb: failed to insert pending batch audit log: pq: invalid input syntax for type uuid: "unknown"
2026/08/15 09:52:00 AuditWorker: Error inserting event 8a3cd69c-c222-4fae-8d43-f8b448ec8694: failed to insert pending batch audit log: pq: invalid input syntax for type uuid: ""
2026/08/15 09:52:00 AuditWorker: Error inserting event 613660cc-ff8a-4c62-b555-a14a5b68bedb: failed to insert pending batch audit log: pq: invalid input syntax for type uuid: ""
2026/08/15 09:52:00 AuditWorker: Error inserting event 5c0b9de6-8bfc-4a84-9aef-b269216e906e: failed to insert pending batch audit log: pq: invalid input syntax for type uuid: ""
2026/08/15 09:52:00 AuditWorker: Error inserting event c7d96929-338a-4a4c-8d18-a8d9ed5a427a: failed to insert pending batch audit log: pq: invalid input syntax for type uuid: ""
2026/08/15 09:52:00 AuditWorker: Error inserting event a22b110f-7c3d-4f57-bcfe-721aa0a7c23a: failed to insert pending batch audit log: pq: invalid input syntax for type uuid: ""
2026/08/15 09:52:00 AuditWorker: Error inserting event 0f951c6a-d368-48e8-bb33-961e4a51e3b2: failed to insert pending batch audit log: pq: invalid input syntax for type uuid: ""
2026/08/15 09:52:00 AuditWorker: Error inserting event b6c443a8-6482-45bd-888f-6a1a61bb69d1: failed to insert pending batch audit log: pq: invalid input syntax for type uuid: ""
2026/08/15 09:52:00 AuditWorker: Error inserting event 77e1e398-2285-4b09-90b7-e7e8b15ce563: failed to insert pending batch audit log: pq: invalid input syntax for type uuid: ""
2026/08/15 09:52:00 AuditWorker: Error inserting event 2497c5e5-6c55-4c15-8e43-eb95236872f9: failed to insert pending batch audit log: pq: invalid input syntax for type uuid: "unknown"
2026/08/15 09:52:00 AuditWorker: Error inserting event d41d3d1b-30da-4f24-b58d-18105c2f4165: failed to insert pending batch audit log: pq: invalid input syntax for type uuid: ""
2026/08/15 09:52:00 AuditWorker: Error inserting event 8e51337f-d1e4-4f3f-8701-e78dde7441d7: failed to insert pending batch audit log: pq: invalid input syntax for type uuid: ""
2026/08/15 09:52:00 AuditWorker: Error inserting event 49327a63-8e46-4488-8cb6-e4667e51414f: failed to insert pending batch audit log: pq: invalid input syntax for type uuid: "unknown"
2026/08/15 09:52:00 AuditWorker: Error inserting event 3fae9265-a26d-4485-90c8-4d59bc25588c: failed to insert pending batch audit log: pq: invalid input syntax for type uuid: "unknown"
2026/08/15 09:52:00 AuditWorker: Error inserting event 94db57aa-8e53-4985-bbfc-7abbffbd9594: failed to insert pending batch audit log: pq: invalid input syntax for type uuid: ""
2026/08/15 09:52:00 AuditWorker: Error inserting event 29ac45da-3148-41f8-a027-bd065aa41e72: failed to insert pending batch audit log: pq: invalid input syntax for type uuid: "unknown"
2026/08/15 09:52:00 AuditWorker: Error inserting event 03564239-f7f2-44cd-a8a7-f4c7a7d8f232: failed to insert pending batch audit log: pq: invalid input syntax for type uuid: ""
2026/08/15 09:52:00 AuditWorker: Error inserting event 4b122fde-8568-4c6f-b7f2-c08a93932c50: failed to insert pending batch audit log: pq: invalid input syntax for type uuid: ""
2026/08/15 09:52:00 AuditWorker: Error inserting event 2373dae0-f271-49e6-ad1c-ce534e43fd5a: failed to insert pending batch audit log: pq: invalid input syntax for type uuid: "unknown"
2026/08/15 09:52:00 AuditWorker: Error inserting event 5998d9f4-5a73-4722-b980-01ceca38d9e8: failed to insert pending batch audit log: pq: invalid input syntax for type uuid: "unknown"
2026/08/15 09:52:00 AuditWorker: Error inserting event 6a7baeba-a8d4-40e1-a713-9a51c3bb06fb: failed to insert pending batch audit log: pq: invalid input syntax for type uuid: ""
2026/08/15 09:52:00 AuditWorker: Error inserting event 7e556aad-6b25-4d03-9425-b399e87a2189: failed to insert pending batch audit log: pq: invalid input syntax for type uuid: "unknown"
2026/08/15 09:52:00 AuditWorker: Error inserting event efe5c97c-b084-468e-8ac0-62e8e83beb0e: failed to insert pending batch audit log: pq: invalid input syntax for type uuid: ""
2026/08/15 09:52:00 AuditWorker: Error inserting event 768abb7b-2cd5-4dd4-a886-3d2e9dd2df32: failed to insert pending batch audit log: pq: invalid input syntax for type uuid: "unknown"
2026/08/15 09:52:00 AuditWorker: Error inserting event 76e04477-4eef-40a2-a81e-113fa6104ab9: failed to insert pending batch audit log: pq: invalid input syntax for type uuid: "unknown"
2026/08/15 09:52:00 AuditWorker: Error inserting event 097633ec-594f-4b05-8aca-ed0adfacf3d6: failed to insert pending batch audit log: pq: invalid input syntax for type uuid: "unknown"
2026/08/15 09:52:00 AuditWorker: Error inserting event 874182b2-5424-4eb1-81aa-d40f8a3df5ac: failed to insert pending batch audit log: pq: invalid input syntax for type uuid: "unknown"
2026/08/15 09:52:00 AuditWorker: Error inserting event d0dd192f-e1ce-4784-ba36-0badd0c92124: failed to insert pending batch audit log: pq: invalid input syntax for type uuid: "unknown"
2026/08/15 09:52:00 AuditWorker: Error inserting event 5d804547-0299-4d43-a3e1-f8c4b7298710: failed to insert pending batch audit log: pq: invalid input syntax for type uuid: "unknown"
2026/08/15 09:52:00 AuditWorker: Error inserting event a8e27536-31bb-4330-91df-f4570ae02c8f: failed to insert pending batch audit log: pq: invalid input syntax for type uuid: "unknown"
2026/08/15 09:52:00 AuditWorker: Error inserting event 551fa9e4-08d0-4911-a52c-d321a6d652b9: failed to insert pending batch audit log: pq: invalid input syntax for type uuid: "unknown"
2026/08/15 09:52:00 AuditWorker: Error inserting event d88d3a04-1d36-44d8-9f9f-72441b1007cb: failed to insert pending batch audit log: pq: invalid input syntax for type uuid: "unknown"
2026/08/15 09:52:00 AuditWorker: Error inserting event 8a3cd69c-c222-4fae-8d43-f8b448ec8694: failed to insert pending batch audit log: pq: invalid input syntax for type uuid: ""
2026/08/15 09:52:00 AuditWorker: Error inserting event 613660cc-ff8a-4c62-b555-a14a5b68bedb: failed to insert pending batch audit log: pq: invalid input syntax for type uuid: ""
2026/08/15 09:52:00 AuditWorker: Error inserting event 5c0b9de6-8bfc-4a84-9aef-b269216e906e: failed to insert pending batch audit log: pq: invalid input syntax for type uuid: ""
2026/08/15 09:52:00 AuditWorker: Error inserting event c7d96929-338a-4a4c-8d18-a8d9ed5a427a: failed to insert pending batch audit log: pq: invalid input syntax for type uuid: ""
2026/08/15 09:52:00 AuditWorker: Error inserting event a22b110f-7c3d-4f57-bcfe-721aa0a7c23a: failed to insert pending batch audit log: pq: invalid input syntax for type uuid: ""
2026/08/15 09:52:00 AuditWorker: Error inserting event 0f951c6a-d368-48e8-bb33-961e4a51e3b2: failed to insert pending batch audit log: pq: invalid input syntax for type uuid: ""
2026/08/15 09:52:00 AuditWorker: Error inserting event b6c443a8-6482-45bd-888f-6a1a61bb69d1: failed to insert pending batch audit log: pq: invalid input syntax for type uuid: ""
2026/08/15 09:52:00 AuditWorker: Error inserting event 77e1e398-2285-4b09-90b7-e7e8b15ce563: failed to insert pending batch audit log: pq: invalid input syntax for type uuid: ""
2026/08/15 09:52:00 AuditWorker: Error inserting event 2497c5e5-6c55-4c15-8e43-eb95236872f9: failed to insert pending batch audit log: pq: invalid input syntax for type uuid: "unknown"
2026/08/15 09:52:00 AuditWorker: Error inserting event d41d3d1b-30da-4f24-b58d-18105c2f4165: failed to insert pending batch audit log: pq: invalid input syntax for type uuid: ""
2026/08/15 09:52:00 AuditWorker: Error inserting event 8e51337f-d1e4-4f3f-8701-e78dde7441d7: failed to insert pending batch audit log: pq: invalid input syntax for type uuid: ""
2026/08/15 09:52:00 AuditWorker: Error inserting event 49327a63-8e46-4488-8cb6-e4667e51414f: failed to insert pending batch audit log: pq: invalid input syntax for type uuid: "unknown"
2026/08/15 09:52:00 AuditWorker: Error inserting event 3fae9265-a26d-4485-90c8-4d59bc25588c: failed to insert pending batch audit log: pq: invalid input syntax for type uuid: "unknown"
2026/08/15 09:52:00 AuditWorker: Error inserting event 94db57aa-8e53-4985-bbfc-7abbffbd9594: failed to insert pending batch audit log: pq: invalid input syntax for type uuid: ""
2026/08/15 09:52:00 AuditWorker: Error inserting event 29ac45da-3148-41f8-a027-bd065aa41e72: failed to insert pending batch audit log: pq: invalid input syntax for type uuid: "unknown"
2026/08/15 09:52:00 AuditWorker: Error inserting event 03564239-f7f2-44cd-a8a7-f4c7a7d8f232: failed to insert pending batch audit log: pq: invalid input syntax for type uuid: ""
2026/08/15 09:52:00 AuditWorker: Error inserting event 4b122fde-8568-4c6f-b7f2-c08a93932c50: failed to insert pending batch audit log: pq: invalid input syntax for type uuid: ""
2026/08/15 09:52:00 AuditWorker: Error inserting event 2373dae0-f271-49e6-ad1c-ce534e43fd5a: failed to insert pending batch audit log: pq: invalid input syntax for type uuid: "unknown"
2026/08/15 09:52:00 AuditWorker: Error inserting event 5998d9f4-5a73-4722-b980-01ceca38d9e8: failed to insert pending batch audit log: pq: invalid input syntax for type uuid: "unknown"
2026/08/15 09:52:00 AuditWorker: Error inserting event 6a7baeba-a8d4-40e1-a713-9a51c3bb06fb: failed to insert pending batch audit log: pq: invalid input syntax for type uuid: ""
2026/08/15 09:52:00 AuditWorker: Error inserting event 7e556aad-6b25-4d03-9425-b399e87a2189: failed to insert pending batch audit log: pq: invalid input syntax for type uuid: "unknown"
2026/08/15 09:52:00 AuditWorker: Error inserting event efe5c97c-b084-468e-8ac0-62e8e83beb0e: failed to insert pending batch audit log: pq: invalid input syntax for type uuid: ""
2026/08/15 09:52:00 AuditWorker: Error inserting event 768abb7b-2cd5-4dd4-a886-3d2e9dd2df32: failed to insert pending batch audit log: pq: invalid input syntax for type uuid: "unknown"
2026/08/15 09:52:00 AuditWorker: Error inserting event 76e04477-4eef-40a2-a81e-113fa6104ab9: failed to insert pending batch audit log: pq: invalid input syntax for type uuid: "unknown"
2026/08/15 09:52:00 AuditWorker: Error inserting event 097633ec-594f-4b05-8aca-ed0adfacf3d6: failed to insert pending batch audit log: pq: invalid input syntax for type uuid: "unknown"
2026/08/15 09:52:00 AuditWorker: Error inserting event 874182b2-5424-4eb1-81aa-d40f8a3df5ac: failed to insert pending batch audit log: pq: invalid input syntax for type uuid: "unknown"
2026/08/15 09:52:00 AuditWorker: Error inserting event d0dd192f-e1ce-4784-ba36-0badd0c92124: failed to insert pending batch audit log: pq: invalid input syntax for type uuid: "unknown"
2026/08/15 09:52:00 AuditWorker: Error inserting event 5d804547-0299-4d43-a3e1-f8c4b7298710: failed to insert pending batch audit log: pq: invalid input syntax for type uuid: "unknown"
2026/08/15 09:52:00 AuditWorker: Error inserting event a8e27536-31bb-4330-91df-f4570ae02c8f: failed to insert pending batch audit log: pq: invalid input syntax for type uuid: "unknown"
2026/08/15 09:52:00 AuditWorker: Error inserting event 551fa9e4-08d0-4911-a52c-d321a6d652b9: failed to insert pending batch audit log: pq: invalid input syntax for type uuid: "unknown"
2026/08/15 09:52:00 AuditWorker: Error inserting event d88d3a04-1d36-44d8-9f9f-72441b1007cb: failed to insert pending batch audit log: pq: invalid input syntax for type uuid: "unknown"
2026/08/15 09:52:00 AuditWorker: Error inserting event 8a3cd69c-c222-4fae-8d43-f8b448ec8694: failed to insert pending batch audit log: pq: invalid input syntax for type uuid: ""
2026/08/15 09:52:00 AuditWorker: Error inserting event 613660cc-ff8a-4c62-b555-a14a5b68bedb: failed to insert pending batch audit log: pq: invalid input syntax for type uuid: ""
2026/08/15 09:52:00 AuditWorker: Error inserting event 5c0b9de6-8bfc-4a84-9aef-b269216e906e: failed to insert pending batch audit log: pq: invalid input syntax for type uuid: ""
2026/08/15 09:52:00 AuditWorker: Error inserting event c7d96929-338a-4a4c-8d18-a8d9ed5a427a: failed to insert pending batch audit log: pq: invalid input syntax for type uuid: ""
2026/08/15 09:52:00 AuditWorker: Error inserting event a22b110f-7c3d-4f57-bcfe-721aa0a7c23a: failed to insert pending batch audit log: pq: invalid input syntax for type uuid: ""
2026/08/15 09:52:00 AuditWorker: Error inserting event 0f951c6a-d368-48e8-bb33-961e4a51e3b2: failed to insert pending batch audit log: pq: invalid input syntax for type uuid: ""
2026/08/15 09:52:00 AuditWorker: Error inserting event b6c443a8-6482-45bd-888f-6a1a61bb69d1: failed to insert pending batch audit log: pq: invalid input syntax for type uuid: ""
2026/08/15 09:52:00 AuditWorker: Error inserting event 77e1e398-2285-4b09-90b7-e7e8b15ce563: failed to insert pending batch audit log: pq: invalid input syntax for type uuid: ""
2026/08/15 09:52:00 AuditWorker: Error inserting event 2497c5e5-6c55-4c15-8e43-eb95236872f9: failed to insert pending batch audit log: pq: invalid input syntax for type uuid: "unknown"
2026/08/15 09:52:00 AuditWorker: Error inserting event d41d3d1b-30da-4f24-b58d-18105c2f4165: failed to insert pending batch audit log: pq: invalid input syntax for type uuid: ""
2026/08/15 09:52:00 AuditWorker: Error inserting event 8e51337f-d1e4-4f3f-8701-e78dde7441d7: failed to insert pending batch audit log: pq: invalid input syntax for type uuid: ""
2026/08/15 09:52:00 AuditWorker: Error inserting event 49327a63-8e46-4488-8cb6-e4667e51414f: failed to insert pending batch audit log: pq: invalid input syntax for type uuid: "unknown"
2026/08/15 09:52:00 AuditWorker: Error inserting event 3fae9265-a26d-4485-90c8-4d59bc25588c: failed to insert pending batch audit log: pq: invalid input syntax for type uuid: "unknown"
2026/08/15 09:52:00 AuditWorker: Error inserting event 94db57aa-8e53-4985-bbfc-7abbffbd9594: failed to insert pending batch audit log: pq: invalid input syntax for type uuid: ""
2026/08/15 09:52:00 AuditWorker: Error inserting event 29ac45da-3148-41f8-a027-bd065aa41e72: failed to insert pending batch audit log: pq: invalid input syntax for type uuid: "unknown"
2026/08/15 09:52:00 AuditWorker: Error inserting event 03564239-f7f2-44cd-a8a7-f4c7a7d8f232: failed to insert pending batch audit log: pq: invalid input syntax for type uuid: ""
2026/08/15 09:52:00 AuditWorker: Error inserting event 4b122fde-8568-4c6f-b7f2-c08a93932c50: failed to insert pending batch audit log: pq: invalid input syntax for type uuid: ""
2026/08/15 09:52:00 AuditWorker: Error inserting event 2373dae0-f271-49e6-ad1c-ce534e43fd5a: failed to insert pending batch audit log: pq: invalid input syntax for type uuid: "unknown"
2026/08/15 09:52:00 AuditWorker: Error inserting event 5998d9f4-5a73-4722-b980-01ceca38d9e8: failed to insert pending batch audit log: pq: invalid input syntax for type uuid: "unknown"
2026/08/15 09:52:00 AuditWorker: Error inserting event 6a7baeba-a8d4-40e1-a713-9a51c3bb06fb: failed to insert pending batch audit log: pq: invalid input syntax for type uuid: ""
2026/08/15 09:52:00 AuditWorker: Error inserting event 7e556aad-6b25-4d03-9425-b399e87a2189: failed to insert pending batch audit log: pq: invalid input syntax for type uuid: "unknown"
2026/08/15 09:52:00 AuditWorker: Error inserting event efe5c97c-b084-468e-8ac0-62e8e83beb0e: failed to insert pending batch audit log: pq: invalid input syntax for type uuid: ""
2026/08/15 09:52:00 AuditWorker: Error inserting event 768abb7b-2cd5-4dd4-a886-3d2e9dd2df32: failed to insert pending batch audit log: pq: invalid input syntax for type uuid: "unknown"
2026/08/15 09:52:00 AuditWorker: Error inserting event 76e04477-4eef-40a2-a81e-113fa6104ab9: failed to insert pending batch audit log: pq: invalid input syntax for type uuid: "unknown"
2026/08/15 09:52:00 AuditWorker: Error inserting event 097633ec-594f-4b05-8aca-ed0adfacf3d6: failed to insert pending batch audit log: pq: invalid input syntax for type uuid: "unknown"
2026/08/15 09:52:00 AuditWorker: Error inserting event 874182b2-5424-4eb1-81aa-d40f8a3df5ac: failed to insert pending batch audit log: pq: invalid input syntax for type uuid: "unknown"
2026/08/15 09:52:00 AuditWorker: Error inserting event d0dd192f-e1ce-4784-ba36-0badd0c92124: failed to insert pending batch audit log: pq: invalid input syntax for type uuid: "unknown"
2026/08/15 09:52:00 AuditWorker: Error inserting event 5d804547-0299-4d43-a3e1-f8c4b7298710: failed to insert pending batch audit log: pq: invalid input syntax for type uuid: "unknown"
2026/08/15 09:52:00 AuditWorker: Error inserting event a8e27536-31bb-4330-91df-f4570ae02c8f: failed to insert pending batch audit log: pq: invalid input syntax for type uuid: "unknown"
2026/08/15 09:52:00 AuditWorker: Error inserting event 551fa9e4-08d0-4911-a52c-d321a6d652b9: failed to insert pending batch audit log: pq: invalid input syntax for type uuid: "unknown"
2026/08/15 09:52:00 AuditWorker: Error inserting event d88d3a04-1d36-44d8-9f9f-72441b1007cb: failed to insert pending batch audit log: pq: invalid input syntax for type uuid: "unknown"
2026/08/15 09:52:00 AuditWorker: Error inserting event 8a3cd69c-c222-4fae-8d43-f8b448ec8694: failed to insert pending batch audit log: pq: invalid input syntax for type uuid: ""
2026/08/15 09:52:00 AuditWorker: Error inserting event 613660cc-ff8a-4c62-b555-a14a5b68bedb: failed to insert pending batch audit log: pq: invalid input syntax for type uuid: ""
2026/08/15 09:52:00 AuditWorker: Error inserting event 5c0b9de6-8bfc-4a84-9aef-b269216e906e: failed to insert pending batch audit log: pq: invalid input syntax for type uuid: ""
2026/08/15 09:52:00 AuditWorker: Error inserting event c7d96929-338a-4a4c-8d18-a8d9ed5a427a: failed to insert pending batch audit log: pq: invalid input syntax for type uuid: ""
2026/08/15 09:52:00 AuditWorker: Error inserting event a22b110f-7c3d-4f57-bcfe-721aa0a7c23a: failed to insert pending batch audit log: pq: invalid input syntax for type uuid: ""
2026/08/15 09:52:00 AuditWorker: Error inserting event 0f951c6a-d368-48e8-bb33-961e4a51e3b2: failed to insert pending batch audit log: pq: invalid input syntax for type uuid: ""
2026/08/15 09:52:00 AuditWorker: Error inserting event b6c443a8-6482-45bd-888f-6a1a61bb69d1: failed to insert pending batch audit log: pq: invalid input syntax for type uuid: ""
2026/08/15 09:52:00 AuditWorker: Error inserting event 77e1e398-2285-4b09-90b7-e7e8b15ce563: failed to insert pending batch audit log: pq: invalid input syntax for type uuid: ""
2026/08/15 09:52:00 AuditWorker: Error inserting event 2497c5e5-6c55-4c15-8e43-eb95236872f9: failed to insert pending batch audit log: pq: invalid input syntax for type uuid: "unknown"
2026/08/15 09:52:00 AuditWorker: Error inserting event d41d3d1b-30da-4f24-b58d-18105c2f4165: failed to insert pending batch audit log: pq: invalid input syntax for type uuid: ""
2026/08/15 09:52:00 AuditWorker: Error inserting event 8e51337f-d1e4-4f3f-8701-e78dde7441d7: failed to insert pending batch audit log: pq: invalid input syntax for type uuid: ""
2026/08/15 09:52:00 AuditWorker: Error inserting event 49327a63-8e46-4488-8cb6-e4667e51414f: failed to insert pending batch audit log: pq: invalid input syntax for type uuid: "unknown"
2026/08/15 09:52:00 AuditWorker: Error inserting event 3fae9265-a26d-4485-90c8-4d59bc25588c: failed to insert pending batch audit log: pq: invalid input syntax for type uuid: "unknown"
2026/08/15 09:52:00 AuditWorker: Error inserting event 94db57aa-8e53-4985-bbfc-7abbffbd9594: failed to insert pending batch audit log: pq: invalid input syntax for type uuid: ""
2026/08/15 09:52:00 AuditWorker: Error inserting event 29ac45da-3148-41f8-a027-bd065aa41e72: failed to insert pending batch audit log: pq: invalid input syntax for type uuid: "unknown"
2026/08/15 09:52:00 AuditWorker: Error inserting event 03564239-f7f2-44cd-a8a7-f4c7a7d8f232: failed to insert pending batch audit log: pq: invalid input syntax for type uuid: ""
2026/08/15 09:52:00 AuditWorker: Error inserting event 4b122fde-8568-4c6f-b7f2-c08a93932c50: failed to insert pending batch audit log: pq: invalid input syntax for type uuid: ""
2026/08/15 09:52:00 AuditWorker: Error inserting event 2373dae0-f271-49e6-ad1c-ce534e43fd5a: failed to insert pending batch audit log: pq: invalid input syntax for type uuid: "unknown"
2026/08/15 09:52:00 AuditWorker: Error inserting event 5998d9f4-5a73-4722-b980-01ceca38d9e8: failed to insert pending batch audit log: pq: invalid input syntax for type uuid: "unknown"
2026/08/15 09:52:00 AuditWorker: Error inserting event 6a7baeba-a8d4-40e1-a713-9a51c3bb06fb: failed to insert pending batch audit log: pq: invalid input syntax for type uuid: ""
2026/08/15 09:52:00 AuditWorker: Error inserting event 7e556aad-6b25-4d03-9425-b399e87a2189: failed to insert pending batch audit log: pq: invalid input syntax for type uuid: "unknown"
2026/08/15 09:52:00 AuditWorker: Error inserting event efe5c97c-b084-468e-8ac0-62e8e83beb0e: failed to insert pending batch audit log: pq: invalid input syntax for type uuid: ""
2026/08/15 09:52:00 AuditWorker: Error inserting event 768abb7b-2cd5-4dd4-a886-3d2e9dd2df32: failed to insert pending batch audit log: pq: invalid input syntax for type uuid: "unknown"
2026/08/15 09:52:00 AuditWorker: Error inserting event 76e04477-4eef-40a2-a81e-113fa6104ab9: failed to insert pending batch audit log: pq: invalid input syntax for type uuid: "unknown"
2026/08/15 09:52:00 AuditWorker: Error inserting event 097633ec-594f-4b05-8aca-ed0adfacf3d6: failed to insert pending batch audit log: pq: invalid input syntax for type uuid: "unknown"
2026/08/15 09:52:00 AuditWorker: Error inserting event 874182b2-5424-4eb1-81aa-d40f8a3df5ac: failed to insert pending batch audit log: pq: invalid input syntax for type uuid: "unknown"
2026/08/15 09:52:00 AuditWorker: Error inserting event d0dd192f-e1ce-4784-ba36-0badd0c92124: failed to insert pending batch audit log: pq: invalid input syntax for type uuid: "unknown"
2026/08/15 09:52:00 AuditWorker: Error inserting event 5d804547-0299-4d43-a3e1-f8c4b7298710: failed to insert pending batch audit log: pq: invalid input syntax for type uuid: "unknown"
2026/08/15 09:52:00 AuditWorker: Error inserting event a8e27536-31bb-4330-91df-f4570ae02c8f: failed to insert pending batch audit log: pq: invalid input syntax for type uuid: "unknown"
2026/08/15 09:52:00 AuditWorker: Error inserting event 551fa9e4-08d0-4911-a52c-d321a6d652b9: failed to insert pending batch audit log: pq: invalid input syntax for type uuid: "unknown"
2026/08/15 09:52:00 AuditWorker: Error inserting event d88d3a04-1d36-44d8-9f9f-72441b1007cb: failed to insert pending batch audit log: pq: invalid input syntax for type uuid: "unknown"
2026/08/15 09:52:00 AuditWorker: Error inserting event 8a3cd69c-c222-4fae-8d43-f8b448ec8694: failed to insert pending batch audit log: pq: invalid input syntax for type uuid: ""
2026/08/15 09:52:00 AuditWorker: Error inserting event 613660cc-ff8a-4c62-b555-a14a5b68bedb: failed to insert pending batch audit log: pq: invalid input syntax for type uuid: ""
2026/08/15 09:52:00 AuditWorker: Error inserting event 5c0b9de6-8bfc-4a84-9aef-b269216e906e: failed to insert pending batch audit log: pq: invalid input syntax for type uuid: ""
2026/08/15 09:52:00 AuditWorker: Error inserting event c7d96929-338a-4a4c-8d18-a8d9ed5a427a: failed to insert pending batch audit log: pq: invalid input syntax for type uuid: ""
2026/08/15 09:52:00 AuditWorker: Error inserting event a22b110f-7c3d-4f57-bcfe-721aa0a7c23a: failed to insert pending batch audit log: pq: invalid input syntax for type uuid: ""
2026/08/15 09:52:00 AuditWorker: Error inserting event 0f951c6a-d368-48e8-bb33-961e4a51e3b2: failed to insert pending batch audit log: pq: invalid input syntax for type uuid: ""
2026/08/15 09:52:00 AuditWorker: Error inserting event b6c443a8-6482-45bd-888f-6a1a61bb69d1: failed to insert pending batch audit log: pq: invalid input syntax for type uuid: ""
2026/08/15 09:52:00 AuditWorker: Error inserting event 77e1e398-2285-4b09-90b7-e7e8b15ce563: failed to insert pending batch audit log: pq: invalid input syntax for type uuid: ""
2026/08/15 09:52:00 AuditWorker: Error inserting event 2497c5e5-6c55-4c15-8e43-eb95236872f9: failed to insert pending batch audit log: pq: invalid input syntax for type uuid: "unknown"
2026/08/15 09:52:00 AuditWorker: Error inserting event d41d3d1b-30da-4f24-b58d-18105c2f4165: failed to insert pending batch audit log: pq: invalid input syntax for type uuid: ""
2026/08/15 09:52:00 AuditWorker: Error inserting event 8e51337f-d1e4-4f3f-8701-e78dde7441d7: failed to insert pending batch audit log: pq: invalid input syntax for type uuid: ""
2026/08/15 09:52:00 AuditWorker: Error inserting event 49327a63-8e46-4488-8cb6-e4667e51414f: failed to insert pending batch audit log: pq: invalid input syntax for type uuid: "unknown"
2026/08/15 09:52:00 AuditWorker: Error inserting event 3fae9265-a26d-4485-90c8-4d59bc25588c: failed to insert pending batch audit log: pq: invalid input syntax for type uuid: "unknown"
2026/08/15 09:52:00 AuditWorker: Error inserting event 94db57aa-8e53-4985-bbfc-7abbffbd9594: failed to insert pending batch audit log: pq: invalid input syntax for type uuid: ""
2026/08/15 09:52:00 AuditWorker: Error inserting event 29ac45da-3148-41f8-a027-bd065aa41e72: failed to insert pending batch audit log: pq: invalid input syntax for type uuid: "unknown"
2026/08/15 09:52:00 AuditWorker: Error inserting event 03564239-f7f2-44cd-a8a7-f4c7a7d8f232: failed to insert pending batch audit log: pq: invalid input syntax for type uuid: ""
2026/08/15 09:52:00 AuditWorker: Error inserting event 4b122fde-8568-4c6f-b7f2-c08a93932c50: failed to insert pending batch audit log: pq: invalid input syntax for type uuid: ""
2026/08/15 09:52:00 AuditWorker: Error inserting event 2373dae0-f271-49e6-ad1c-ce534e43fd5a: failed to insert pending batch audit log: pq: invalid input syntax for type uuid: "unknown"
2026/08/15 09:52:00 AuditWorker: Error inserting event 5998d9f4-5a73-4722-b980-01ceca38d9e8: failed to insert pending batch audit log: pq: invalid input syntax for type uuid: "unknown"
2026/08/15 09:52:00 AuditWorker: Error inserting event 6a7baeba-a8d4-40e1-a713-9a51c3bb06fb: failed to insert pending batch audit log: pq: invalid input syntax for type uuid: ""
2026/08/15 09:52:00 AuditWorker: Error inserting event 7e556aad-6b25-4d03-9425-b399e87a2189: failed to insert pending batch audit log: pq: invalid input syntax for type uuid: "unknown"
2026/08/15 09:52:00 AuditWorker: Error inserting event efe5c97c-b084-468e-8ac0-62e8e83beb0e: failed to insert pending batch audit log: pq: invalid input syntax for type uuid: ""
2026/08/15 09:52:00 AuditWorker: Error inserting event 768abb7b-2cd5-4dd4-a886-3d2e9dd2df32: failed to insert pending batch audit log: pq: invalid input syntax for type uuid: "unknown"
2026/08/15 09:52:00 AuditWorker: Error inserting event 76e04477-4eef-40a2-a81e-113fa6104ab9: failed to insert pending batch audit log: pq: invalid input syntax for type uuid: "unknown"
2026/08/15 09:52:00 AuditWorker: Error inserting event 097633ec-594f-4b05-8aca-ed0adfacf3d6: failed to insert pending batch audit log: pq: invalid input syntax for type uuid: "unknown"
2026/08/15 09:52:00 AuditWorker: Error inserting event 874182b2-5424-4eb1-81aa-d40f8a3df5ac: failed to insert pending batch audit log: pq: invalid input syntax for type uuid: "unknown"
2026/08/15 09:52:00 AuditWorker: Error inserting event d0dd192f-e1ce-4784-ba36-0badd0c92124: failed to insert pending batch audit log: pq: invalid input syntax for type uuid: "unknown"
2026/08/15 09:52:00 AuditWorker: Error inserting event 5d804547-0299-4d43-a3e1-f8c4b7298710: failed to insert pending batch audit log: pq: invalid input syntax for type uuid: "unknown"
2026/08/15 09:52:00 AuditWorker: Error inserting event a8e27536-31bb-4330-91df-f4570ae02c8f: failed to insert pending batch audit log: pq: invalid input syntax for type uuid: "unknown"
2026/08/15 09:52:00 AuditWorker: Error inserting event 551fa9e4-08d0-4911-a52c-d321a6d652b9: failed to insert pending batch audit log: pq: invalid input syntax for type uuid: "unknown"
2026/08/15 09:52:00 AuditWorker: Error inserting event d88d3a04-1d36-44d8-9f9f-72441b1007cb: failed to insert pending batch audit log: pq: invalid input syntax for type uuid: "unknown"
2026/08/15 09:52:00 AuditWorker: Error inserting event 8a3cd69c-c222-4fae-8d43-f8b448ec8694: failed to insert pending batch audit log: pq: invalid input syntax for type uuid: ""
2026/08/15 09:52:00 AuditWorker: Error inserting event 613660cc-ff8a-4c62-b555-a14a5b68bedb: failed to insert pending batch audit log: pq: invalid input syntax for type uuid: ""
2026/08/15 09:52:00 AuditWorker: Error inserting event 5c0b9de6-8bfc-4a84-9aef-b269216e906e: failed to insert pending batch audit log: pq: invalid input syntax for type uuid: ""
2026/08/15 09:52:00 AuditWorker: Error inserting event c7d96929-338a-4a4c-8d18-a8d9ed5a427a: failed to insert pending batch audit log: pq: invalid input syntax for type uuid: ""
2026/08/15 09:52:00 AuditWorker: Error inserting event a22b110f-7c3d-4f57-bcfe-721aa0a7c23a: failed to insert pending batch audit log: pq: invalid input syntax for type uuid: ""
2026/08/15 09:52:00 AuditWorker: Error inserting event 0f951c6a-d368-48e8-bb33-961e4a51e3b2: failed to insert pending batch audit log: pq: invalid input syntax for type uuid: ""
2026/08/15 09:52:00 AuditWorker: Error inserting event b6c443a8-6482-45bd-888f-6a1a61bb69d1: failed to insert pending batch audit log: pq: invalid input syntax for type uuid: ""
2026/08/15 09:52:00 AuditWorker: Error inserting event 77e1e398-2285-4b09-90b7-e7e8b15ce563: failed to insert pending batch audit log: pq: invalid input syntax for type uuid: ""
2026/08/15 09:52:00 AuditWorker: Error inserting event 2497c5e5-6c55-4c15-8e43-eb95236872f9: failed to insert pending batch audit log: pq: invalid input syntax for type uuid: "unknown"
2026/08/15 09:52:00 AuditWorker: Error inserting event d41d3d1b-30da-4f24-b58d-18105c2f4165: failed to insert pending batch audit log: pq: invalid input syntax for type uuid: ""
2026/08/15 09:52:00 AuditWorker: Error inserting event 8e51337f-d1e4-4f3f-8701-e78dde7441d7: failed to insert pending batch audit log: pq: invalid input syntax for type uuid: ""
2026/08/15 09:52:00 AuditWorker: Error inserting event 49327a63-8e46-4488-8cb6-e4667e51414f: failed to insert pending batch audit log: pq: invalid input syntax for type uuid: "unknown"
2026/08/15 09:52:00 AuditWorker: Error inserting event 3fae9265-a26d-4485-90c8-4d59bc25588c: failed to insert pending batch audit log: pq: invalid input syntax for type uuid: "unknown"
2026/08/15 09:52:00 AuditWorker: Error inserting event 94db57aa-8e53-4985-bbfc-7abbffbd9594: failed to insert pending batch audit log: pq: invalid input syntax for type uuid: ""
2026/08/15 09:52:00 AuditWorker: Error inserting event 29ac45da-3148-41f8-a027-bd065aa41e72: failed to insert pending batch audit log: pq: invalid input syntax for type uuid: "unknown"
2026/08/15 09:52:00 AuditWorker: Error inserting event 03564239-f7f2-44cd-a8a7-f4c7a7d8f232: failed to insert pending batch audit log: pq: invalid input syntax for type uuid: ""
2026/08/15 09:52:00 AuditWorker: Error inserting event 4b122fde-8568-4c6f-b7f2-c08a93932c50: failed to insert pending batch audit log: pq: invalid input syntax for type uuid: ""
2026/08/15 09:52:00 AuditWorker: Error inserting event 2373dae0-f271-49e6-ad1c-ce534e43fd5a: failed to insert pending batch audit log: pq: invalid input syntax for type uuid: "unknown"
2026/08/15 09:52:00 AuditWorker: Error inserting event 5998d9f4-5a73-4722-b980-01ceca38d9e8: failed to insert pending batch audit log: pq: invalid input syntax for type uuid: "unknown"
2026/08/15 09:52:00 AuditWorker: Error inserting event 6a7baeba-a8d4-40e1-a713-9a51c3bb06fb: failed to insert pending batch audit log: pq: invalid input syntax for type uuid: ""
2026/08/15 09:52:00 AuditWorker: Error inserting event 7e556aad-6b25-4d03-9425-b399e87a2189: failed to insert pending batch audit log: pq: invalid input syntax for type uuid: "unknown"
2026/08/15 09:52:00 AuditWorker: Error inserting event efe5c97c-b084-468e-8ac0-62e8e83beb0e: failed to insert pending batch audit log: pq: invalid input syntax for type uuid: ""
2026/08/15 09:52:00 AuditWorker: Error inserting event 768abb7b-2cd5-4dd4-a886-3d2e9dd2df32: failed to insert pending batch audit log: pq: invalid input syntax for type uuid: "unknown"
2026/08/15 09:52:00 AuditWorker: Error inserting event 76e04477-4eef-40a2-a81e-113fa6104ab9: failed to insert pending batch audit log: pq: invalid input syntax for type uuid: "unknown"
2026/08/15 09:52:00 AuditWorker: Error inserting event 097633ec-594f-4b05-8aca-ed0adfacf3d6: failed to insert pending batch audit log: pq: invalid input syntax for type uuid: "unknown"
2026/08/15 09:52:00 AuditWorker: Error inserting event 874182b2-5424-4eb1-81aa-d40f8a3df5ac: failed to insert pending batch audit log: pq: invalid input syntax for type uuid: "unknown"
2026/08/15 09:52:00 AuditWorker: Error inserting event d0dd192f-e1ce-4784-ba36-0badd0c92124: failed to insert pending batch audit log: pq: invalid input syntax for type uuid: "unknown"
2026/08/15 09:52:00 AuditWorker: Error inserting event 5d804547-0299-4d43-a3e1-f8c4b7298710: failed to insert pending batch audit log: pq: invalid input syntax for type uuid: "unknown"
2026/08/15 09:52:00 AuditWorker: Error inserting event a8e27536-31bb-4330-91df-f4570ae02c8f: failed to insert pending batch audit log: pq: invalid input syntax for type uuid: "unknown"
2026/08/15 09:52:00 AuditWorker: Error inserting event 551fa9e4-08d0-4911-a52c-d321a6d652b9: failed to insert pending batch audit log: pq: invalid input syntax for type uuid: "unknown"
2026/08/15 09:52:00 AuditWorker: Error inserting event d88d3a04-1d36-44d8-9f9f-72441b1007cb: failed to insert pending batch audit log: pq: invalid input syntax for type uuid: "unknown"
2026/08/15 09:52:00 AuditWorker: Error inserting event 8a3cd69c-c222-4fae-8d43-f8b448ec8694: failed to insert pending batch audit log: pq: invalid input syntax for type uuid: ""
2026/08/15 09:52:00 AuditWorker: Error inserting event 613660cc-ff8a-4c62-b555-a14a5b68bedb: failed to insert pending batch audit log: pq: invalid input syntax for type uuid: ""
2026/08/15 09:52:00 AuditWorker: Error inserting event 5c0b9de6-8bfc-4a84-9aef-b269216e906e: failed to insert pending batch audit log: pq: invalid input syntax for type uuid: ""
2026/08/15 09:52:00 AuditWorker: Error inserting event c7d96929-338a-4a4c-8d18-a8d9ed5a427a: failed to insert pending batch audit log: pq: invalid input syntax for type uuid: ""
2026/08/15 09:52:00 AuditWorker: Error inserting event a22b110f-7c3d-4f57-bcfe-721aa0a7c23a: failed to insert pending batch audit log: pq: invalid input syntax for type uuid: ""
2026/08/15 09:52:00 AuditWorker: Error inserting event 0f951c6a-d368-48e8-bb33-961e4a51e3b2: failed to insert pending batch audit log: pq: invalid input syntax for type uuid: ""
2026/08/15 09:52:00 AuditWorker: Error inserting event b6c443a8-6482-45bd-888f-6a1a61bb69d1: failed to insert pending batch audit log: pq: invalid input syntax for type uuid: ""
2026/08/15 09:52:00 AuditWorker: Error inserting event 77e1e398-2285-4b09-90b7-e7e8b15ce563: failed to insert pending batch audit log: pq: invalid input syntax for type uuid: ""
2026/08/15 09:52:00 AuditWorker: Error inserting event 2497c5e5-6c55-4c15-8e43-eb95236872f9: failed to insert pending batch audit log: pq: invalid input syntax for type uuid: "unknown"
2026/08/15 09:52:00 AuditWorker: Error inserting event d41d3d1b-30da-4f24-b58d-18105c2f4165: failed to insert pending batch audit log: pq: invalid input syntax for type uuid: ""
2026/08/15 09:52:00 AuditWorker: Error inserting event 8e51337f-d1e4-4f3f-8701-e78dde7441d7: failed to insert pending batch audit log: pq: invalid input syntax for type uuid: ""
2026/08/15 09:52:00 AuditWorker: Error inserting event 49327a63-8e46-4488-8cb6-e4667e51414f: failed to insert pending batch audit log: pq: invalid input syntax for type uuid: "unknown"
2026/08/15 09:52:00 AuditWorker: Error inserting event 3fae9265-a26d-4485-90c8-4d59bc25588c: failed to insert pending batch audit log: pq: invalid input syntax for type uuid: "unknown"
2026/08/15 09:52:00 AuditWorker: Error inserting event 94db57aa-8e53-4985-bbfc-7abbffbd9594: failed to insert pending batch audit log: pq: invalid input syntax for type uuid: ""
2026/08/15 09:52:00 AuditWorker: Error inserting event 29ac45da-3148-41f8-a027-bd065aa41e72: failed to insert pending batch audit log: pq: invalid input syntax for type uuid: "unknown"
2026/08/15 09:52:00 AuditWorker: Error inserting event 03564239-f7f2-44cd-a8a7-f4c7a7d8f232: failed to insert pending batch audit log: pq: invalid input syntax for type uuid: ""
2026/08/15 09:52:00 AuditWorker: Error inserting event 4b122fde-8568-4c6f-b7f2-c08a93932c50: failed to insert pending batch audit log: pq: invalid input syntax for type uuid: ""
2026/08/15 09:52:00 AuditWorker: Error inserting event 2373dae0-f271-49e6-ad1c-ce534e43fd5a: failed to insert pending batch audit log: pq: invalid input syntax for type uuid: "unknown"
2026/08/15 09:52:00 AuditWorker: Error inserting event 5998d9f4-5a73-4722-b980-01ceca38d9e8: failed to insert pending batch audit log: pq: invalid input syntax for type uuid: "unknown"
2026/08/15 09:52:00 AuditWorker: Error inserting event 6a7baeba-a8d4-40e1-a713-9a51c3bb06fb: failed to insert pending batch audit log: pq: invalid input syntax for type uuid: ""
2026/08/15 09:52:00 AuditWorker: Error inserting event 7e556aad-6b25-4d03-9425-b399e87a2189: failed to insert pending batch audit log: pq: invalid input syntax for type uuid: "unknown"
2026/08/15 09:52:00 AuditWorker: Error inserting event efe5c97c-b084-468e-8ac0-62e8e83beb0e: failed to insert pending batch audit log: pq: invalid input syntax for type uuid: ""
2026/08/15 09:52:00 AuditWorker: Error inserting event 768abb7b-2cd5-4dd4-a886-3d2e9dd2df32: failed to insert pending batch audit log: pq: invalid input syntax for type uuid: "unknown"
2026/08/15 09:52:00 AuditWorker: Error inserting event 76e04477-4eef-40a2-a81e-113fa6104ab9: failed to insert pending batch audit log: pq: invalid input syntax for type uuid: "unknown"
2026/08/15 09:52:00 AuditWorker: Error inserting event 097633ec-594f-4b05-8aca-ed0adfacf3d6: failed to insert pending batch audit log: pq: invalid input syntax for type uuid: "unknown"
2026/08/15 09:52:00 AuditWorker: Error inserting event 874182b2-5424-4eb1-81aa-d40f8a3df5ac: failed to insert pending batch audit log: pq: invalid input syntax for type uuid: "unknown"
2026/08/15 09:52:00 AuditWorker: Error inserting event d0dd192f-e1ce-4784-ba36-0badd0c92124: failed to insert pending batch audit log: pq: invalid input syntax for type uuid: "unknown"
2026/08/15 09:52:00 AuditWorker: Error inserting event 5d804547-0299-4d43-a3e1-f8c4b7298710: failed to insert pending batch audit log: pq: invalid input syntax for type uuid: "unknown"
2026/08/15 09:52:00 AuditWorker: Error inserting event a8e27536-31bb-4330-91df-f4570ae02c8f: failed to insert pending batch audit log: pq: invalid input syntax for type uuid: "unknown"
2026/08/15 09:52:00 AuditWorker: Error inserting event 551fa9e4-08d0-4911-a52c-d321a6d652b9: failed to insert pending batch audit log: pq: invalid input syntax for type uuid: "unknown"
2026/08/15 09:52:00 AuditWorker: Error inserting event d88d3a04-1d36-44d8-9f9f-72441b1007cb: failed to insert pending batch audit log: pq: invalid input syntax for type uuid: "unknown"
2026/08/15 09:52:00 AuditWorker: Error inserting event 8a3cd69c-c222-4fae-8d43-f8b448ec8694: failed to insert pending batch audit log: pq: invalid input syntax for type uuid: ""
2026/08/15 09:52:00 AuditWorker: Error inserting event 613660cc-ff8a-4c62-b555-a14a5b68bedb: failed to insert pending batch audit log: pq: invalid input syntax for type uuid: ""
2026/08/15 09:52:00 AuditWorker: Error inserting event 5c0b9de6-8bfc-4a84-9aef-b269216e906e: failed to insert pending batch audit log: pq: invalid input syntax for type uuid: ""
2026/08/15 09:52:00 AuditWorker: Error inserting event c7d96929-338a-4a4c-8d18-a8d9ed5a427a: failed to insert pending batch audit log: pq: invalid input syntax for type uuid: ""
2026/08/15 09:52:00 AuditWorker: Error inserting event a22b110f-7c3d-4f57-bcfe-721aa0a7c23a: failed to insert pending batch audit log: pq: invalid input syntax for type uuid: ""
2026/08/15 09:52:00 AuditWorker: Error inserting event 0f951c6a-d368-48e8-bb33-961e4a51e3b2: failed to insert pending batch audit log: pq: invalid input syntax for type uuid: ""
2026/08/15 09:52:00 AuditWorker: Error inserting event b6c443a8-6482-45bd-888f-6a1a61bb69d1: failed to insert pending batch audit log: pq: invalid input syntax for type uuid: ""
2026/08/15 09:52:00 AuditWorker: Error inserting event 77e1e398-2285-4b09-90b7-e7e8b15ce563: failed to insert pending batch audit log: pq: invalid input syntax for type uuid: ""
2026/08/15 09:52:00 AuditWorker: Error inserting event 2497c5e5-6c55-4c15-8e43-eb95236872f9: failed to insert pending batch audit log: pq: invalid input syntax for type uuid: "unknown"
2026/08/15 09:52:00 AuditWorker: Error inserting event d41d3d1b-30da-4f24-b58d-18105c2f4165: failed to insert pending batch audit log: pq: invalid input syntax for type uuid: ""
2026/08/15 09:52:00 AuditWorker: Error inserting event 8e51337f-d1e4-4f3f-8701-e78dde7441d7: failed to insert pending batch audit log: pq: invalid input syntax for type uuid: ""
2026/08/15 09:52:00 AuditWorker: Error inserting event 49327a63-8e46-4488-8cb6-e4667e51414f: failed to insert pending batch audit log: pq: invalid input syntax for type uuid: "unknown"
2026/08/15 09:52:00 AuditWorker: Error inserting event 3fae9265-a26d-4485-90c8-4d59bc25588c: failed to insert pending batch audit log: pq: invalid input syntax for type uuid: "unknown"
2026/08/15 09:52:00 AuditWorker: Error inserting event 94db57aa-8e53-4985-bbfc-7abbffbd9594: failed to insert pending batch audit log: pq: invalid input syntax for type uuid: ""
2026/08/15 09:52:00 AuditWorker: Error inserting event 29ac45da-3148-41f8-a027-bd065aa41e72: failed to insert pending batch audit log: pq: invalid input syntax for type uuid: "unknown"
2026/08/15 09:52:00 AuditWorker: Error inserting event 03564239-f7f2-44cd-a8a7-f4c7a7d8f232: failed to insert pending batch audit log: pq: invalid input syntax for type uuid: ""
2026/08/15 09:52:00 AuditWorker: Error inserting event 4b122fde-8568-4c6f-b7f2-c08a93932c50: failed to insert pending batch audit log: pq: invalid input syntax for type uuid: ""
2026/08/15 09:52:00 AuditWorker: Error inserting event 2373dae0-f271-49e6-ad1c-ce534e43fd5a: failed to insert pending batch audit log: pq: invalid input syntax for type uuid: "unknown"
2026/08/15 09:52:00 AuditWorker: Error inserting event 5998d9f4-5a73-4722-b980-01ceca38d9e8: failed to insert pending batch audit log: pq: invalid input syntax for type uuid: "unknown"
2026/08/15 09:52:00 AuditWorker: Error inserting event 6a7baeba-a8d4-40e1-a713-9a51c3bb06fb: failed to insert pending batch audit log: pq: invalid input syntax for type uuid: ""
2026/08/15 09:52:00 AuditWorker: Error inserting event 7e556aad-6b25-4d03-9425-b399e87a2189: failed to insert pending batch audit log: pq: invalid input syntax for type uuid: "unknown"
2026/08/15 09:52:00 AuditWorker: Error inserting event efe5c97c-b084-468e-8ac0-62e8e83beb0e: failed to insert pending batch audit log: pq: invalid input syntax for type uuid: ""
2026/08/15 09:52:00 AuditWorker: Error inserting event 768abb7b-2cd5-4dd4-a886-3d2e9dd2df32: failed to insert pending batch audit log: pq: invalid input syntax for type uuid: "unknown"
2026/08/15 09:52:00 AuditWorker: Error inserting event 76e04477-4eef-40a2-a81e-113fa6104ab9: failed to insert pending batch audit log: pq: invalid input syntax for type uuid: "unknown"
2026/08/15 09:52:00 AuditWorker: Error inserting event 097633ec-594f-4b05-8aca-ed0adfacf3d6: failed to insert pending batch audit log: pq: invalid input syntax for type uuid: "unknown"
2026/08/15 09:52:00 AuditWorker: Error inserting event 874182b2-5424-4eb1-81aa-d40f8a3df5ac: failed to insert pending batch audit log: pq: invalid input syntax for type uuid: "unknown"
2026/08/15 09:52:00 AuditWorker: Error inserting event d0dd192f-e1ce-4784-ba36-0badd0c92124: failed to insert pending batch audit log: pq: invalid input syntax for type uuid: "unknown"
2026/08/15 09:52:00 AuditWorker: Error inserting event 5d804547-0299-4d43-a3e1-f8c4b7298710: failed to insert pending batch audit log: pq: invalid input syntax for type uuid: "unknown"
2026/08/15 09:52:00 AuditWorker: Error inserting event a8e27536-31bb-4330-91df-f4570ae02c8f: failed to insert pending batch audit log: pq: invalid input syntax for type uuid: "unknown"
2026/08/15 09:52:00 AuditWorker: Error inserting event 551fa9e4-08d0-4911-a52c-d321a6d652b9: failed to insert pending batch audit log: pq: invalid input syntax for type uuid: "unknown"
2026/08/15 09:52:00 AuditWorker: Error inserting event d88d3a04-1d36-44d8-9f9f-72441b1007cb: failed to insert pending batch audit log: pq: invalid input syntax for type uuid: "unknown"
2026/08/15 09:52:00 AuditWorker: Error inserting event 8a3cd69c-c222-4fae-8d43-f8b448ec8694: failed to insert pending batch audit log: pq: invalid input syntax for type uuid: ""
2026/08/15 09:52:00 AuditWorker: Error inserting event 613660cc-ff8a-4c62-b555-a14a5b68bedb: failed to insert pending batch audit log: pq: invalid input syntax for type uuid: ""
2026/08/15 09:52:00 AuditWorker: Error inserting event 5c0b9de6-8bfc-4a84-9aef-b269216e906e: failed to insert pending batch audit log: pq: invalid input syntax for type uuid: ""
2026/08/15 09:52:00 AuditWorker: Error inserting event c7d96929-338a-4a4c-8d18-a8d9ed5a427a: failed to insert pending batch audit log: pq: invalid input syntax for type uuid: ""
2026/08/15 09:52:00 AuditWorker: Error inserting event a22b110f-7c3d-4f57-bcfe-721aa0a7c23a: failed to insert pending batch audit log: pq: invalid input syntax for type uuid: ""
2026/08/15 09:52:00 AuditWorker: Error inserting event 0f951c6a-d368-48e8-bb33-961e4a51e3b2: failed to insert pending batch audit log: pq: invalid input syntax for type uuid: ""
2026/08/15 09:52:00 AuditWorker: Error inserting event b6c443a8-6482-45bd-888f-6a1a61bb69d1: failed to insert pending batch audit log: pq: invalid input syntax for type uuid: ""
2026/08/15 09:52:00 AuditWorker: Error inserting event 77e1e398-2285-4b09-90b7-e7e8b15ce563: failed to insert pending batch audit log: pq: invalid input syntax for type uuid: ""
2026/08/15 09:52:00 AuditWorker: Error inserting event 2497c5e5-6c55-4c15-8e43-eb95236872f9: failed to insert pending batch audit log: pq: invalid input syntax for type uuid: "unknown"
2026/08/15 09:52:00 AuditWorker: Error inserting event d41d3d1b-30da-4f24-b58d-18105c2f4165: failed to insert pending batch audit log: pq: invalid input syntax for type uuid: ""
2026/08/15 09:52:00 AuditWorker: Error inserting event 8e51337f-d1e4-4f3f-8701-e78dde7441d7: failed to insert pending batch audit log: pq: invalid input syntax for type uuid: ""
2026/08/15 09:52:00 AuditWorker: Error inserting event 49327a63-8e46-4488-8cb6-e4667e51414f: failed to insert pending batch audit log: pq: invalid input syntax for type uuid: "unknown"
2026/08/15 09:52:00 AuditWorker: Error inserting event 3fae9265-a26d-4485-90c8-4d59bc25588c: failed to insert pending batch audit log: pq: invalid input syntax for type uuid: "unknown"
2026/08/15 09:52:00 AuditWorker: Error inserting event 94db57aa-8e53-4985-bbfc-7abbffbd9594: failed to insert pending batch audit log: pq: invalid input syntax for type uuid: ""
2026/08/15 09:52:00 AuditWorker: Error inserting event 29ac45da-3148-41f8-a027-bd065aa41e72: failed to insert pending batch audit log: pq: invalid input syntax for type uuid: "unknown"
2026/08/15 09:52:00 AuditWorker: Error inserting event 03564239-f7f2-44cd-a8a7-f4c7a7d8f232: failed to insert pending batch audit log: pq: invalid input syntax for type uuid: ""
2026/08/15 09:52:00 AuditWorker: Error inserting event 4b122fde-8568-4c6f-b7f2-c08a93932c50: failed to insert pending batch audit log: pq: invalid input syntax for type uuid: ""
2026/08/15 09:52:00 AuditWorker: Error inserting event 2373dae0-f271-49e6-ad1c-ce534e43fd5a: failed to insert pending batch audit log: pq: invalid input syntax for type uuid: "unknown"
2026/08/15 09:52:00 AuditWorker: Error inserting event 5998d9f4-5a73-4722-b980-01ceca38d9e8: failed to insert pending batch audit log: pq: invalid input syntax for type uuid: "unknown"
2026/08/15 09:52:00 AuditWorker: Error inserting event 6a7baeba-a8d4-40e1-a713-9a51c3bb06fb: failed to insert pending batch audit log: pq: invalid input syntax for type uuid: ""
2026/08/15 09:52:00 AuditWorker: Error inserting event 7e556aad-6b25-4d03-9425-b399e87a2189: failed to insert pending batch audit log: pq: invalid input syntax for type uuid: "unknown"
2026/08/15 09:52:00 AuditWorker: Error inserting event efe5c97c-b084-468e-8ac0-62e8e83beb0e: failed to insert pending batch audit log: pq: invalid input syntax for type uuid: ""
2026/08/15 09:52:00 AuditWorker: Error inserting event 768abb7b-2cd5-4dd4-a886-3d2e9dd2df32: failed to insert pending batch audit log: pq: invalid input syntax for type uuid: "unknown"
2026/08/15 09:52:00 AuditWorker: Error inserting event 76e04477-4eef-40a2-a81e-113fa6104ab9: failed to insert pending batch audit log: pq: invalid input syntax for type uuid: "unknown"
2026/08/15 09:52:00 AuditWorker: Error inserting event 097633ec-594f-4b05-8aca-ed0adfacf3d6: failed to insert pending batch audit log: pq: invalid input syntax for type uuid: "unknown"
2026/08/15 09:52:00 AuditWorker: Error inserting event 874182b2-5424-4eb1-81aa-d40f8a3df5ac: failed to insert pending batch audit log: pq: invalid input syntax for type uuid: "unknown"
2026/08/15 09:52:00 AuditWorker: Error inserting event d0dd192f-e1ce-4784-ba36-0badd0c92124: failed to insert pending batch audit log: pq: invalid input syntax for type uuid: "unknown"
2026/08/15 09:52:00 AuditWorker: Error inserting event 5d804547-0299-4d43-a3e1-f8c4b7298710: failed to insert pending batch audit log: pq: invalid input syntax for type uuid: "unknown"
2026/08/15 09:52:00 AuditWorker: Error inserting event a8e27536-31bb-4330-91df-f4570ae02c8f: failed to insert pending batch audit log: pq: invalid input syntax for type uuid: "unknown"
2026/08/15 09:52:00 AuditWorker: Error inserting event 551fa9e4-08d0-4911-a52c-d321a6d652b9: failed to insert pending batch audit log: pq: invalid input syntax for type uuid: "unknown"
2026/08/15 09:52:00 AuditWorker: Error inserting event d88d3a04-1d36-44d8-9f9f-72441b1007cb: failed to insert pending batch audit log: pq: invalid input syntax for type uuid: "unknown"
2026/08/15 09:52:00 AuditWorker: Error inserting event 8a3cd69c-c222-4fae-8d43-f8b448ec8694: failed to insert pending batch audit log: pq: invalid input syntax for type uuid: ""
2026/08/15 09:52:00 AuditWorker: Error inserting event 613660cc-ff8a-4c62-b555-a14a5b68bedb: failed to insert pending batch audit log: pq: invalid input syntax for type uuid: ""
2026/08/15 09:52:00 AuditWorker: Error inserting event 5c0b9de6-8bfc-4a84-9aef-b269216e906e: failed to insert pending batch audit log: pq: invalid input syntax for type uuid: ""
2026/08/15 09:52:00 AuditWorker: Error inserting event c7d96929-338a-4a4c-8d18-a8d9ed5a427a: failed to insert pending batch audit log: pq: invalid input syntax for type uuid: ""
2026/08/15 09:52:00 AuditWorker: Error inserting event a22b110f-7c3d-4f57-bcfe-721aa0a7c23a: failed to insert pending batch audit log: pq: invalid input syntax for type uuid: ""
2026/08/15 09:52:00 AuditWorker: Error inserting event 0f951c6a-d368-48e8-bb33-961e4a51e3b2: failed to insert pending batch audit log: pq: invalid input syntax for type uuid: ""
2026/08/15 09:52:00 AuditWorker: Error inserting event b6c443a8-6482-45bd-888f-6a1a61bb69d1: failed to insert pending batch audit log: pq: invalid input syntax for type uuid: ""
2026/08/15 09:52:00 AuditWorker: Error inserting event 77e1e398-2285-4b09-90b7-e7e8b15ce563: failed to insert pending batch audit log: pq: invalid input syntax for type uuid: ""
2026/08/15 09:52:00 AuditWorker: Error inserting event 2497c5e5-6c55-4c15-8e43-eb95236872f9: failed to insert pending batch audit log: pq: invalid input syntax for type uuid: "unknown"
2026/08/15 09:52:00 AuditWorker: Error inserting event d41d3d1b-30da-4f24-b58d-18105c2f4165: failed to insert pending batch audit log: pq: invalid input syntax for type uuid: ""
2026/08/15 09:52:00 AuditWorker: Error inserting event 8e51337f-d1e4-4f3f-8701-e78dde7441d7: failed to insert pending batch audit log: pq: invalid input syntax for type uuid: ""
2026/08/15 09:52:00 AuditWorker: Error inserting event 49327a63-8e46-4488-8cb6-e4667e51414f: failed to insert pending batch audit log: pq: invalid input syntax for type uuid: "unknown"
2026/08/15 09:52:00 AuditWorker: Error inserting event 3fae9265-a26d-4485-90c8-4d59bc25588c: failed to insert pending batch audit log: pq: invalid input syntax for type uuid: "unknown"
2026/08/15 09:52:00 AuditWorker: Error inserting event 94db57aa-8e53-4985-bbfc-7abbffbd9594: failed to insert pending batch audit log: pq: invalid input syntax for type uuid: ""
2026/08/15 09:52:00 AuditWorker: Error inserting event 29ac45da-3148-41f8-a027-bd065aa41e72: failed to insert pending batch audit log: pq: invalid input syntax for type uuid: "unknown"
2026/08/15 09:52:00 AuditWorker: Error inserting event 03564239-f7f2-44cd-a8a7-f4c7a7d8f232: failed to insert pending batch audit log: pq: invalid input syntax for type uuid: ""
2026/08/15 09:52:00 AuditWorker: Error inserting event 4b122fde-8568-4c6f-b7f2-c08a93932c50: failed to insert pending batch audit log: pq: invalid input syntax for type uuid: ""
2026/08/15 09:52:00 AuditWorker: Error inserting event 2373dae0-f271-49e6-ad1c-ce534e43fd5a: failed to insert pending batch audit log: pq: invalid input syntax for type uuid: "unknown"
2026/08/15 09:52:00 AuditWorker: Error inserting event 5998d9f4-5a73-4722-b980-01ceca38d9e8: failed to insert pending batch audit log: pq: invalid input syntax for type uuid: "unknown"
2026/08/15 09:52:00 AuditWorker: Error inserting event 6a7baeba-a8d4-40e1-a713-9a51c3bb06fb: failed to insert pending batch audit log: pq: invalid input syntax for type uuid: ""
2026/08/15 09:52:00 AuditWorker: Error inserting event 7e556aad-6b25-4d03-9425-b399e87a2189: failed to insert pending batch audit log: pq: invalid input syntax for type uuid: "unknown"
2026/08/15 09:52:00 AuditWorker: Error inserting event efe5c97c-b084-468e-8ac0-62e8e83beb0e: failed to insert pending batch audit log: pq: invalid input syntax for type uuid: ""
2026/08/15 09:52:00 AuditWorker: Error inserting event 768abb7b-2cd5-4dd4-a886-3d2e9dd2df32: failed to insert pending batch audit log: pq: invalid input syntax for type uuid: "unknown"
2026/08/15 09:52:00 AuditWorker: Error inserting event 76e04477-4eef-40a2-a81e-113fa6104ab9: failed to insert pending batch audit log: pq: invalid input syntax for type uuid: "unknown"
2026/08/15 09:52:00 AuditWorker: Error inserting event 097633ec-594f-4b05-8aca-ed0adfacf3d6: failed to insert pending batch audit log: pq: invalid input syntax for type uuid: "unknown"
2026/08/15 09:52:00 AuditWorker: Error inserting event 874182b2-5424-4eb1-81aa-d40f8a3df5ac: failed to insert pending batch audit log: pq: invalid input syntax for type uuid: "unknown"
2026/08/15 09:52:00 AuditWorker: Error inserting event d0dd192f-e1ce-4784-ba36-0badd0c92124: failed to insert pending batch audit log: pq: invalid input syntax for type uuid: "unknown"
2026/08/15 09:52:00 AuditWorker: Error inserting event 5d804547-0299-4d43-a3e1-f8c4b7298710: failed to insert pending batch audit log: pq: invalid input syntax for type uuid: "unknown"
2026/08/15 09:52:00 AuditWorker: Error inserting event a8e27536-31bb-4330-91df-f4570ae02c8f: failed to insert pending batch audit log: pq: invalid input syntax for type uuid: "unknown"
2026/08/15 09:52:00 AuditWorker: Error inserting event 551fa9e4-08d0-4911-a52c-d321a6d652b9: failed to insert pending batch audit log: pq: invalid input syntax for type uuid: "unknown"
2026/08/15 09:52:00 AuditWorker: Error inserting event d88d3a04-1d36-44d8-9f9f-72441b1007cb: failed to insert pending batch audit log: pq: invalid input syntax for type uuid: "unknown"
2026/08/15 09:52:00 AuditWorker: Error inserting event 8a3cd69c-c222-4fae-8d43-f8b448ec8694: failed to insert pending batch audit log: pq: invalid input syntax for type uuid: ""
2026/08/15 09:52:00 AuditWorker: Error inserting event 613660cc-ff8a-4c62-b555-a14a5b68bedb: failed to insert pending batch audit log: pq: invalid input syntax for type uuid: ""
2026/08/15 09:52:00 AuditWorker: Error inserting event 5c0b9de6-8bfc-4a84-9aef-b269216e906e: failed to insert pending batch audit log: pq: invalid input syntax for type uuid: ""
2026/08/15 09:52:00 AuditWorker: Error inserting event c7d96929-338a-4a4c-8d18-a8d9ed5a427a: failed to insert pending batch audit log: pq: invalid input syntax for type uuid: ""
2026/08/15 09:52:00 AuditWorker: Error inserting event a22b110f-7c3d-4f57-bcfe-721aa0a7c23a: failed to insert pending batch audit log: pq: invalid input syntax for type uuid: ""
2026/08/15 09:52:00 AuditWorker: Error inserting event 0f951c6a-d368-48e8-bb33-961e4a51e3b2: failed to insert pending batch audit log: pq: invalid input syntax for type uuid: ""
2026/08/15 09:52:00 AuditWorker: Error inserting event b6c443a8-6482-45bd-888f-6a1a61bb69d1: failed to insert pending batch audit log: pq: invalid input syntax for type uuid: ""
2026/08/15 09:52:00 AuditWorker: Error inserting event 77e1e398-2285-4b09-90b7-e7e8b15ce563: failed to insert pending batch audit log: pq: invalid input syntax for type uuid: ""
2026/08/15 09:52:00 AuditWorker: Error inserting event 2497c5e5-6c55-4c15-8e43-eb95236872f9: failed to insert pending batch audit log: pq: invalid input syntax for type uuid: "unknown"
2026/08/15 09:52:00 AuditWorker: Error inserting event d41d3d1b-30da-4f24-b58d-18105c2f4165: failed to insert pending batch audit log: pq: invalid input syntax for type uuid: ""
2026/08/15 09:52:00 AuditWorker: Error inserting event 8e51337f-d1e4-4f3f-8701-e78dde7441d7: failed to insert pending batch audit log: pq: invalid input syntax for type uuid: ""
2026/08/15 09:52:00 AuditWorker: Error inserting event 49327a63-8e46-4488-8cb6-e4667e51414f: failed to insert pending batch audit log: pq: invalid input syntax for type uuid: "unknown"
2026/08/15 09:52:00 AuditWorker: Error inserting event 3fae9265-a26d-4485-90c8-4d59bc25588c: failed to insert pending batch audit log: pq: invalid input syntax for type uuid: "unknown"
2026/08/15 09:52:00 AuditWorker: Error inserting event 94db57aa-8e53-4985-bbfc-7abbffbd9594: failed to insert pending batch audit log: pq: invalid input syntax for type uuid: ""
2026/08/15 09:52:00 AuditWorker: Error inserting event 29ac45da-3148-41f8-a027-bd065aa41e72: failed to insert pending batch audit log: pq: invalid input syntax for type uuid: "unknown"
2026/08/15 09:52:00 AuditWorker: Error inserting event 03564239-f7f2-44cd-a8a7-f4c7a7d8f232: failed to insert pending batch audit log: pq: invalid input syntax for type uuid: ""
2026/08/15 09:52:00 AuditWorker: Error inserting event 4b122fde-8568-4c6f-b7f2-c08a93932c50: failed to insert pending batch audit log: pq: invalid input syntax for type uuid: ""
2026/08/15 09:52:00 AuditWorker: Error inserting event 2373dae0-f271-49e6-ad1c-ce534e43fd5a: failed to insert pending batch audit log: pq: invalid input syntax for type uuid: "unknown"
2026/08/15 09:52:00 AuditWorker: Error inserting event 5998d9f4-5a73-4722-b980-01ceca38d9e8: failed to insert pending batch audit log: pq: invalid input syntax for type uuid: "unknown"
2026/08/15 09:52:00 AuditWorker: Error inserting event 6a7baeba-a8d4-40e1-a713-9a51c3bb06fb: failed to insert pending batch audit log: pq: invalid input syntax for type uuid: ""
2026/08/15 09:52:00 AuditWorker: Error inserting event 7e556aad-6b25-4d03-9425-b399e87a2189: failed to insert pending batch audit log: pq: invalid input syntax for type uuid: "unknown"
2026/08/15 09:52:00 AuditWorker: Error inserting event efe5c97c-b084-468e-8ac0-62e8e83beb0e: failed to insert pending batch audit log: pq: invalid input syntax for type uuid: ""
2026/08/15 09:52:00 AuditWorker: Error inserting event 768abb7b-2cd5-4dd4-a886-3d2e9dd2df32: failed to insert pending batch audit log: pq: invalid input syntax for type uuid: "unknown"
2026/08/15 09:52:00 AuditWorker: Error inserting event 76e04477-4eef-40a2-a81e-113fa6104ab9: failed to insert pending batch audit log: pq: invalid input syntax for type uuid: "unknown"
2026/08/15 09:52:00 AuditWorker: Error inserting event 097633ec-594f-4b05-8aca-ed0adfacf3d6: failed to insert pending batch audit log: pq: invalid input syntax for type uuid: "unknown"
2026/08/15 09:52:00 AuditWorker: Error inserting event 874182b2-5424-4eb1-81aa-d40f8a3df5ac: failed to insert pending batch audit log: pq: invalid input syntax for type uuid: "unknown"
2026/08/15 09:52:00 AuditWorker: Error inserting event d0dd192f-e1ce-4784-ba36-0badd0c92124: failed to insert pending batch audit log: pq: invalid input syntax for type uuid: "unknown"
2026/08/15 09:52:00 AuditWorker: Error inserting event 5d804547-0299-4d43-a3e1-f8c4b7298710: failed to insert pending batch audit log: pq: invalid input syntax for type uuid: "unknown"
2026/08/15 09:52:00 AuditWorker: Error inserting event a8e27536-31bb-4330-91df-f4570ae02c8f: failed to insert pending batch audit log: pq: invalid input syntax for type uuid: "unknown"
2026/08/15 09:52:00 AuditWorker: Error inserting event 551fa9e4-08d0-4911-a52c-d321a6d652b9: failed to insert pending batch audit log: pq: invalid input syntax for type uuid: "unknown"
2026/08/15 09:52:00 AuditWorker: Error inserting event d88d3a04-1d36-44d8-9f9f-72441b1007cb: failed to insert pending batch audit log: pq: invalid input syntax for type uuid: "unknown"
2026/08/15 09:52:00 AuditWorker: Error inserting event 8a3cd69c-c222-4fae-8d43-f8b448ec8694: failed to insert pending batch audit log: pq: invalid input syntax for type uuid: ""
2026/08/15 09:52:00 AuditWorker: Error inserting event 613660cc-ff8a-4c62-b555-a14a5b68bedb: failed to insert pending batch audit log: pq: invalid input syntax for type uuid: ""
2026/08/15 09:52:00 AuditWorker: Error inserting event 5c0b9de6-8bfc-4a84-9aef-b269216e906e: failed to insert pending batch audit log: pq: invalid input syntax for type uuid: ""
2026/08/15 09:52:00 AuditWorker: Error inserting event c7d96929-338a-4a4c-8d18-a8d9ed5a427a: failed to insert pending batch audit log: pq: invalid input syntax for type uuid: ""
2026/08/15 09:52:00 AuditWorker: Error inserting event a22b110f-7c3d-4f57-bcfe-721aa0a7c23a: failed to insert pending batch audit log: pq: invalid input syntax for type uuid: ""
2026/08/15 09:52:00 AuditWorker: Error inserting event 0f951c6a-d368-48e8-bb33-961e4a51e3b2: failed to insert pending batch audit log: pq: invalid input syntax for type uuid: ""
2026/08/15 09:52:00 AuditWorker: Error inserting event b6c443a8-6482-45bd-888f-6a1a61bb69d1: failed to insert pending batch audit log: pq: invalid input syntax for type uuid: ""
2026/08/15 09:52:00 AuditWorker: Error inserting event 77e1e398-2285-4b09-90b7-e7e8b15ce563: failed to insert pending batch audit log: pq: invalid input syntax for type uuid: ""
2026/08/15 09:52:00 AuditWorker: Error inserting event 2497c5e5-6c55-4c15-8e43-eb95236872f9: failed to insert pending batch audit log: pq: invalid input syntax for type uuid: "unknown"
2026/08/15 09:52:00 AuditWorker: Error inserting event d41d3d1b-30da-4f24-b58d-18105c2f4165: failed to insert pending batch audit log: pq: invalid input syntax for type uuid: ""
2026/08/15 09:52:00 AuditWorker: Error inserting event 8e51337f-d1e4-4f3f-8701-e78dde7441d7: failed to insert pending batch audit log: pq: invalid input syntax for type uuid: ""
2026/08/15 09:52:00 AuditWorker: Error inserting event 49327a63-8e46-4488-8cb6-e4667e51414f: failed to insert pending batch audit log: pq: invalid input syntax for type uuid: "unknown"
2026/08/15 09:52:00 AuditWorker: Error inserting event 3fae9265-a26d-4485-90c8-4d59bc25588c: failed to insert pending batch audit log: pq: invalid input syntax for type uuid: "unknown"
2026/08/15 09:52:00 AuditWorker: Error inserting event 94db57aa-8e53-4985-bbfc-7abbffbd9594: failed to insert pending batch audit log: pq: invalid input syntax for type uuid: ""
2026/08/15 09:52:00 AuditWorker: Error inserting event 29ac45da-3148-41f8-a027-bd065aa41e72: failed to insert pending batch audit log: pq: invalid input syntax for type uuid: "unknown"
2026/08/15 09:52:00 AuditWorker: Error inserting event 03564239-f7f2-44cd-a8a7-f4c7a7d8f232: failed to insert pending batch audit log: pq: invalid input syntax for type uuid: ""
2026/08/15 09:52:00 AuditWorker: Error inserting event 4b122fde-8568-4c6f-b7f2-c08a93932c50: failed to insert pending batch audit log: pq: invalid input syntax for type uuid: ""
2026/08/15 09:52:00 AuditWorker: Error inserting event 2373dae0-f271-49e6-ad1c-ce534e43fd5a: failed to insert pending batch audit log: pq: invalid input syntax for type uuid: "unknown"
2026/08/15 09:52:00 AuditWorker: Error inserting event 5998d9f4-5a73-4722-b980-01ceca38d9e8: failed to insert pending batch audit log: pq: invalid input syntax for type uuid: "unknown"
2026/08/15 09:52:00 AuditWorker: Error inserting event 6a7baeba-a8d4-40e1-a713-9a51c3bb06fb: failed to insert pending batch audit log: pq: invalid input syntax for type uuid: ""
2026/08/15 09:52:00 AuditWorker: Error inserting event 7e556aad-6b25-4d03-9425-b399e87a2189: failed to insert pending batch audit log: pq: invalid input syntax for type uuid: "unknown"
2026/08/15 09:52:00 AuditWorker: Error inserting event efe5c97c-b084-468e-8ac0-62e8e83beb0e: failed to insert pending batch audit log: pq: invalid input syntax for type uuid: ""
2026/08/15 09:52:00 AuditWorker: Error inserting event 768abb7b-2cd5-4dd4-a886-3d2e9dd2df32: failed to insert pending batch audit log: pq: invalid input syntax for type uuid: "unknown"
2026/08/15 09:52:00 AuditWorker: Error inserting event 76e04477-4eef-40a2-a81e-113fa6104ab9: failed to insert pending batch audit log: pq: invalid input syntax for type uuid: "unknown"
2026/08/15 09:52:00 AuditWorker: Error inserting event 097633ec-594f-4b05-8aca-ed0adfacf3d6: failed to insert pending batch audit log: pq: invalid input syntax for type uuid: "unknown"
2026/08/15 09:52:00 AuditWorker: Error inserting event 874182b2-5424-4eb1-81aa-d40f8a3df5ac: failed to insert pending batch audit log: pq: invalid input syntax for type uuid: "unknown"
2026/08/15 09:52:00 AuditWorker: Error inserting event d0dd192f-e1ce-4784-ba36-0badd0c92124: failed to insert pending batch audit log: pq: invalid input syntax for type uuid: "unknown"
2026/08/15 09:52:00 AuditWorker: Error inserting event 5d804547-0299-4d43-a3e1-f8c4b7298710: failed to insert pending batch audit log: pq: invalid input syntax for type uuid: "unknown"
2026/08/15 09:52:00 AuditWorker: Error inserting event a8e27536-31bb-4330-91df-f4570ae02c8f: failed to insert pending batch audit log: pq: invalid input syntax for type uuid: "unknown"
2026/08/15 09:52:00 AuditWorker: Error inserting event 551fa9e4-08d0-4911-a52c-d321a6d652b9: failed to insert pending batch audit log: pq: invalid input syntax for type uuid: "unknown"
2026/08/15 09:52:00 AuditWorker: Error inserting event d88d3a04-1d36-44d8-9f9f-72441b1007cb: failed to insert pending batch audit log: pq: invalid input syntax for type uuid: "unknown"
2026/08/15 09:52:00 AuditWorker: Error inserting event 8a3cd69c-c222-4fae-8d43-f8b448ec8694: failed to insert pending batch audit log: pq: invalid input syntax for type uuid: ""
2026/08/15 09:52:00 AuditWorker: Error inserting event 613660cc-ff8a-4c62-b555-a14a5b68bedb: failed to insert pending batch audit log: pq: invalid input syntax for type uuid: ""
2026/08/15 09:52:00 AuditWorker: Error inserting event 5c0b9de6-8bfc-4a84-9aef-b269216e906e: failed to insert pending batch audit log: pq: invalid input syntax for type uuid: ""
2026/08/15 09:52:00 AuditWorker: Error inserting event c7d96929-338a-4a4c-8d18-a8d9ed5a427a: failed to insert pending batch audit log: pq: invalid input syntax for type uuid: ""
2026/08/15 09:52:00 AuditWorker: Error inserting event a22b110f-7c3d-4f57-bcfe-721aa0a7c23a: failed to insert pending batch audit log: pq: invalid input syntax for type uuid: ""
2026/08/15 09:52:00 AuditWorker: Error inserting event 0f951c6a-d368-48e8-bb33-961e4a51e3b2: failed to insert pending batch audit log: pq: invalid input syntax for type uuid: ""
2026/08/15 09:52:00 AuditWorker: Error inserting event b6c443a8-6482-45bd-888f-6a1a61bb69d1: failed to insert pending batch audit log: pq: invalid input syntax for type uuid: ""
2026/08/15 09:52:00 AuditWorker: Error inserting event 77e1e398-2285-4b09-90b7-e7e8b15ce563: failed to insert pending batch audit log: pq: invalid input syntax for type uuid: ""
2026/08/15 09:52:00 AuditWorker: Error inserting event 2497c5e5-6c55-4c15-8e43-eb95236872f9: failed to insert pending batch audit log: pq: invalid input syntax for type uuid: "unknown"
2026/08/15 09:52:00 AuditWorker: Error inserting event d41d3d1b-30da-4f24-b58d-18105c2f4165: failed to insert pending batch audit log: pq: invalid input syntax for type uuid: ""
2026/08/15 09:52:00 AuditWorker: Error inserting event 8e51337f-d1e4-4f3f-8701-e78dde7441d7: failed to insert pending batch audit log: pq: invalid input syntax for type uuid: ""
2026/08/15 09:52:00 AuditWorker: Error inserting event 49327a63-8e46-4488-8cb6-e4667e51414f: failed to insert pending batch audit log: pq: invalid input syntax for type uuid: "unknown"
2026/08/15 09:52:00 AuditWorker: Error inserting event 3fae9265-a26d-4485-90c8-4d59bc25588c: failed to insert pending batch audit log: pq: invalid input syntax for type uuid: "unknown"
2026/08/15 09:52:00 AuditWorker: Error inserting event 94db57aa-8e53-4985-bbfc-7abbffbd9594: failed to insert pending batch audit log: pq: invalid input syntax for type uuid: ""
2026/08/15 09:52:00 AuditWorker: Error inserting event 29ac45da-3148-41f8-a027-bd065aa41e72: failed to insert pending batch audit log: pq: invalid input syntax for type uuid: "unknown"
2026/08/15 09:52:00 AuditWorker: Error inserting event 03564239-f7f2-44cd-a8a7-f4c7a7d8f232: failed to insert pending batch audit log: pq: invalid input syntax for type uuid: ""
2026/08/15 09:52:00 AuditWorker: Error inserting event 4b122fde-8568-4c6f-b7f2-c08a93932c50: failed to insert pending batch audit log: pq: invalid input syntax for type uuid: ""
2026/08/15 09:52:00 AuditWorker: Error inserting event 2373dae0-f271-49e6-ad1c-ce534e43fd5a: failed to insert pending batch audit log: pq: invalid input syntax for type uuid: "unknown"
2026/08/15 09:52:00 AuditWorker: Error inserting event 5998d9f4-5a73-4722-b980-01ceca38d9e8: failed to insert pending batch audit log: pq: invalid input syntax for type uuid: "unknown"
2026/08/15 09:52:00 AuditWorker: Error inserting event 6a7baeba-a8d4-40e1-a713-9a51c3bb06fb: failed to insert pending batch audit log: pq: invalid input syntax for type uuid: ""
2026/08/15 09:52:00 AuditWorker: Error inserting event 7e556aad-6b25-4d03-9425-b399e87a2189: failed to insert pending batch audit log: pq: invalid input syntax for type uuid: "unknown"
2026/08/15 09:52:00 AuditWorker: Error inserting event efe5c97c-b084-468e-8ac0-62e8e83beb0e: failed to insert pending batch audit log: pq: invalid input syntax for type uuid: ""
2026/08/15 09:52:00 AuditWorker: Error inserting event 768abb7b-2cd5-4dd4-a886-3d2e9dd2df32: failed to insert pending batch audit log: pq: invalid input syntax for type uuid: "unknown"
2026/08/15 09:52:00 AuditWorker: Error inserting event 76e04477-4eef-40a2-a81e-113fa6104ab9: failed to insert pending batch audit log: pq: invalid input syntax for type uuid: "unknown"
2026/08/15 09:52:00 AuditWorker: Error inserting event 097633ec-594f-4b05-8aca-ed0adfacf3d6: failed to insert pending batch audit log: pq: invalid input syntax for type uuid: "unknown"
2026/08/15 09:52:00 AuditWorker: Error inserting event 874182b2-5424-4eb1-81aa-d40f8a3df5ac: failed to insert pending batch audit log: pq: invalid input syntax for type uuid: "unknown"
2026/08/15 09:52:00 AuditWorker: Error inserting event d0dd192f-e1ce-4784-ba36-0badd0c92124: failed to insert pending batch audit log: pq: invalid input syntax for type uuid: "unknown"
2026/08/15 09:52:00 AuditWorker: Error inserting event 5d804547-0299-4d43-a3e1-f8c4b7298710: failed to insert pending batch audit log: pq: invalid input syntax for type uuid: "unknown"
2026/08/15 09:52:00 AuditWorker: Error inserting event a8e27536-31bb-4330-91df-f4570ae02c8f: failed to insert pending batch audit log: pq: invalid input syntax for type uuid: "unknown"
2026/08/15 09:52:00 AuditWorker: Error inserting event 551fa9e4-08d0-4911-a52c-d321a6d652b9: failed to insert pending batch audit log: pq: invalid input syntax for type uuid: "unknown"
2026/08/15 09:52:00 AuditWorker: Error inserting event d88d3a04-1d36-44d8-9f9f-72441b1007cb: failed to insert pending batch audit log: pq: invalid input syntax for type uuid: "unknown"
2026/08/15 09:52:00 AuditWorker: Error inserting event 8a3cd69c-c222-4fae-8d43-f8b448ec8694: failed to insert pending batch audit log: pq: invalid input syntax for type uuid: ""
2026/08/15 09:52:00 AuditWorker: Error inserting event 613660cc-ff8a-4c62-b555-a14a5b68bedb: failed to insert pending batch audit log: pq: invalid input syntax for type uuid: ""
2026/08/15 09:52:00 AuditWorker: Error inserting event 5c0b9de6-8bfc-4a84-9aef-b269216e906e: failed to insert pending batch audit log: pq: invalid input syntax for type uuid: ""
2026/08/15 09:52:00 AuditWorker: Error inserting event c7d96929-338a-4a4c-8d18-a8d9ed5a427a: failed to insert pending batch audit log: pq: invalid input syntax for type uuid: ""
2026/08/15 09:52:00 AuditWorker: Error inserting event a22b110f-7c3d-4f57-bcfe-721aa0a7c23a: failed to insert pending batch audit log: pq: invalid input syntax for type uuid: ""
2026/08/15 09:52:00 AuditWorker: Error inserting event 0f951c6a-d368-48e8-bb33-961e4a51e3b2: failed to insert pending batch audit log: pq: invalid input syntax for type uuid: ""
2026/08/15 09:52:00 AuditWorker: Error inserting event b6c443a8-6482-45bd-888f-6a1a61bb69d1: failed to insert pending batch audit log: pq: invalid input syntax for type uuid: ""
2026/08/15 09:52:00 AuditWorker: Error inserting event 77e1e398-2285-4b09-90b7-e7e8b15ce563: failed to insert pending batch audit log: pq: invalid input syntax for type uuid: ""
2026/08/15 09:52:00 AuditWorker: Error inserting event 2497c5e5-6c55-4c15-8e43-eb95236872f9: failed to insert pending batch audit log: pq: invalid input syntax for type uuid: "unknown"
2026/08/15 09:52:00 AuditWorker: Error inserting event d41d3d1b-30da-4f24-b58d-18105c2f4165: failed to insert pending batch audit log: pq: invalid input syntax for type uuid: ""
2026/08/15 09:52:00 AuditWorker: Error inserting event 8e51337f-d1e4-4f3f-8701-e78dde7441d7: failed to insert pending batch audit log: pq: invalid input syntax for type uuid: ""
2026/08/15 09:52:00 AuditWorker: Error inserting event 49327a63-8e46-4488-8cb6-e4667e51414f: failed to insert pending batch audit log: pq: invalid input syntax for type uuid: "unknown"
2026/08/15 09:52:00 AuditWorker: Error inserting event 3fae9265-a26d-4485-90c8-4d59bc25588c: failed to insert pending batch audit log: pq: invalid input syntax for type uuid: "unknown"
2026/08/15 09:52:00 AuditWorker: Error inserting event 94db57aa-8e53-4985-bbfc-7abbffbd9594: failed to insert pending batch audit log: pq: invalid input syntax for type uuid: ""
2026/08/15 09:52:00 AuditWorker: Error inserting event 29ac45da-3148-41f8-a027-bd065aa41e72: failed to insert pending batch audit log: pq: invalid input syntax for type uuid: "unknown"
2026/08/15 09:52:00 AuditWorker: Error inserting event 03564239-f7f2-44cd-a8a7-f4c7a7d8f232: failed to insert pending batch audit log: pq: invalid input syntax for type uuid: ""
2026/08/15 09:52:00 AuditWorker: Error inserting event 4b122fde-8568-4c6f-b7f2-c08a93932c50: failed to insert pending batch audit log: pq: invalid input syntax for type uuid: ""
2026/08/15 09:52:00 AuditWorker: Error inserting event 2373dae0-f271-49e6-ad1c-ce534e43fd5a: failed to insert pending batch audit log: pq: invalid input syntax for type uuid: "unknown"
2026/08/15 09:52:00 AuditWorker: Error inserting event 5998d9f4-5a73-4722-b980-01ceca38d9e8: failed to insert pending batch audit log: pq: invalid input syntax for type uuid: "unknown"
2026/08/15 09:52:00 AuditWorker: Error inserting event 6a7baeba-a8d4-40e1-a713-9a51c3bb06fb: failed to insert pending batch audit log: pq: invalid input syntax for type uuid: ""
2026/08/15 09:52:00 AuditWorker: Error inserting event 7e556aad-6b25-4d03-9425-b399e87a2189: failed to insert pending batch audit log: pq: invalid input syntax for type uuid: "unknown"
2026/08/15 09:52:00 AuditWorker: Error inserting event efe5c97c-b084-468e-8ac0-62e8e83beb0e: failed to insert pending batch audit log: pq: invalid input syntax for type uuid: ""
2026/08/15 09:52:00 AuditWorker: Error inserting event 768abb7b-2cd5-4dd4-a886-3d2e9dd2df32: failed to insert pending batch audit log: pq: invalid input syntax for type uuid: "unknown"
2026/08/15 09:52:00 AuditWorker: Error inserting event 76e04477-4eef-40a2-a81e-113fa6104ab9: failed to insert pending batch audit log: pq: invalid input syntax for type uuid: "unknown"
2026/08/15 09:52:00 AuditWorker: Error inserting event 097633ec-594f-4b05-8aca-ed0adfacf3d6: failed to insert pending batch audit log: pq: invalid input syntax for type uuid: "unknown"
2026/08/15 09:52:00 AuditWorker: Error inserting event 874182b2-5424-4eb1-81aa-d40f8a3df5ac: failed to insert pending batch audit log: pq: invalid input syntax for type uuid: "unknown"
2026/08/15 09:52:00 AuditWorker: Error inserting event d0dd192f-e1ce-4784-ba36-0badd0c92124: failed to insert pending batch audit log: pq: invalid input syntax for type uuid: "unknown"
2026/08/15 09:52:00 AuditWorker: Error inserting event 5d804547-0299-4d43-a3e1-f8c4b7298710: failed to insert pending batch audit log: pq: invalid input syntax for type uuid: "unknown"
2026/08/15 09:52:00 AuditWorker: Error inserting event a8e27536-31bb-4330-91df-f4570ae02c8f: failed to insert pending batch audit log: pq: invalid input syntax for type uuid: "unknown"
2026/08/15 09:52:00 AuditWorker: Error inserting event 551fa9e4-08d0-4911-a52c-d321a6d652b9: failed to insert pending batch audit log: pq: invalid input syntax for type uuid: "unknown"
2026/08/15 09:52:00 AuditWorker: Error inserting event d88d3a04-1d36-44d8-9f9f-72441b1007cb: failed to insert pending batch audit log: pq: invalid input syntax for type uuid: "unknown"
2026/08/15 09:52:00 AuditWorker: Error inserting event 8a3cd69c-c222-4fae-8d43-f8b448ec8694: failed to insert pending batch audit log: pq: invalid input syntax for type uuid: ""
2026/08/15 09:52:00 AuditWorker: Error inserting event 613660cc-ff8a-4c62-b555-a14a5b68bedb: failed to insert pending batch audit log: pq: invalid input syntax for type uuid: ""
2026/08/15 09:52:00 AuditWorker: Error inserting event 5c0b9de6-8bfc-4a84-9aef-b269216e906e: failed to insert pending batch audit log: pq: invalid input syntax for type uuid: ""
2026/08/15 09:52:00 AuditWorker: Error inserting event c7d96929-338a-4a4c-8d18-a8d9ed5a427a: failed to insert pending batch audit log: pq: invalid input syntax for type uuid: ""
2026/08/15 09:52:00 AuditWorker: Error inserting event a22b110f-7c3d-4f57-bcfe-721aa0a7c23a: failed to insert pending batch audit log: pq: invalid input syntax for type uuid: ""
2026/08/15 09:52:00 AuditWorker: Error inserting event 0f951c6a-d368-48e8-bb33-961e4a51e3b2: failed to insert pending batch audit log: pq: invalid input syntax for type uuid: ""
2026/08/15 09:52:00 AuditWorker: Error inserting event b6c443a8-6482-45bd-888f-6a1a61bb69d1: failed to insert pending batch audit log: pq: invalid input syntax for type uuid: ""
2026/08/15 09:52:00 AuditWorker: Error inserting event 77e1e398-2285-4b09-90b7-e7e8b15ce563: failed to insert pending batch audit log: pq: invalid input syntax for type uuid: ""
2026/08/15 09:52:00 AuditWorker: Error inserting event 2497c5e5-6c55-4c15-8e43-eb95236872f9: failed to insert pending batch audit log: pq: invalid input syntax for type uuid: "unknown"
2026/08/15 09:52:00 AuditWorker: Error inserting event d41d3d1b-30da-4f24-b58d-18105c2f4165: failed to insert pending batch audit log: pq: invalid input syntax for type uuid: ""
2026/08/15 09:52:00 AuditWorker: Error inserting event 8e51337f-d1e4-4f3f-8701-e78dde7441d7: failed to insert pending batch audit log: pq: invalid input syntax for type uuid: ""
2026/08/15 09:52:00 AuditWorker: Error inserting event 49327a63-8e46-4488-8cb6-e4667e51414f: failed to insert pending batch audit log: pq: invalid input syntax for type uuid: "unknown"
2026/08/15 09:52:00 AuditWorker: Error inserting event 3fae9265-a26d-4485-90c8-4d59bc25588c: failed to insert pending batch audit log: pq: invalid input syntax for type uuid: "unknown"
2026/08/15 09:52:00 AuditWorker: Error inserting event 94db57aa-8e53-4985-bbfc-7abbffbd9594: failed to insert pending batch audit log: pq: invalid input syntax for type uuid: ""
2026/08/15 09:52:00 AuditWorker: Error inserting event 29ac45da-3148-41f8-a027-bd065aa41e72: failed to insert pending batch audit log: pq: invalid input syntax for type uuid: "unknown"
2026/08/15 09:52:00 AuditWorker: Error inserting event 03564239-f7f2-44cd-a8a7-f4c7a7d8f232: failed to insert pending batch audit log: pq: invalid input syntax for type uuid: ""
2026/08/15 09:52:00 AuditWorker: Error inserting event 4b122fde-8568-4c6f-b7f2-c08a93932c50: failed to insert pending batch audit log: pq: invalid input syntax for type uuid: ""
2026/08/15 09:52:00 AuditWorker: Error inserting event 2373dae0-f271-49e6-ad1c-ce534e43fd5a: failed to insert pending batch audit log: pq: invalid input syntax for type uuid: "unknown"
2026/08/15 09:52:00 AuditWorker: Error inserting event 5998d9f4-5a73-4722-b980-01ceca38d9e8: failed to insert pending batch audit log: pq: invalid input syntax for type uuid: "unknown"
2026/08/15 09:52:00 AuditWorker: Error inserting event 6a7baeba-a8d4-40e1-a713-9a51c3bb06fb: failed to insert pending batch audit log: pq: invalid input syntax for type uuid: ""
2026/08/15 09:52:00 AuditWorker: Error inserting event 7e556aad-6b25-4d03-9425-b399e87a2189: failed to insert pending batch audit log: pq: invalid input syntax for type uuid: "unknown"
2026/08/15 09:52:00 AuditWorker: Error inserting event efe5c97c-b084-468e-8ac0-62e8e83beb0e: failed to insert pending batch audit log: pq: invalid input syntax for type uuid: ""
2026/08/15 09:52:00 AuditWorker: Error inserting event 768abb7b-2cd5-4dd4-a886-3d2e9dd2df32: failed to insert pending batch audit log: pq: invalid input syntax for type uuid: "unknown"
2026/08/15 09:52:00 AuditWorker: Error inserting event 76e04477-4eef-40a2-a81e-113fa6104ab9: failed to insert pending batch audit log: pq: invalid input syntax for type uuid: "unknown"
2026/08/15 09:52:00 AuditWorker: Error inserting event 097633ec-594f-4b05-8aca-ed0adfacf3d6: failed to insert pending batch audit log: pq: invalid input syntax for type uuid: "unknown"
2026/08/15 09:52:00 AuditWorker: Error inserting event 874182b2-5424-4eb1-81aa-d40f8a3df5ac: failed to insert pending batch audit log: pq: invalid input syntax for type uuid: "unknown"
2026/08/15 09:52:00 AuditWorker: Error inserting event d0dd192f-e1ce-4784-ba36-0badd0c92124: failed to insert pending batch audit log: pq: invalid input syntax for type uuid: "unknown"
2026/08/15 09:52:00 AuditWorker: Error inserting event 5d804547-0299-4d43-a3e1-f8c4b7298710: failed to insert pending batch audit log: pq: invalid input syntax for type uuid: "unknown"
2026/08/15 09:52:00 AuditWorker: Error inserting event a8e27536-31bb-4330-91df-f4570ae02c8f: failed to insert pending batch audit log: pq: invalid input syntax for type uuid: "unknown"
2026/08/15 09:52:00 AuditWorker: Error inserting event 551fa9e4-08d0-4911-a52c-d321a6d652b9: failed to insert pending batch audit log: pq: invalid input syntax for type uuid: "unknown"
2026/08/15 09:52:00 AuditWorker: Error inserting event d88d3a04-1d36-44d8-9f9f-72441b1007cb: failed to insert pending batch audit log: pq: invalid input syntax for type uuid: "unknown"
2026/08/15 09:52:00 AuditWorker: Error inserting event 8a3cd69c-c222-4fae-8d43-f8b448ec8694: failed to insert pending batch audit log: pq: invalid input syntax for type uuid: ""
2026/08/15 09:52:00 AuditWorker: Error inserting event 613660cc-ff8a-4c62-b555-a14a5b68bedb: failed to insert pending batch audit log: pq: invalid input syntax for type uuid: ""
2026/08/15 09:52:00 AuditWorker: Error inserting event 5c0b9de6-8bfc-4a84-9aef-b269216e906e: failed to insert pending batch audit log: pq: invalid input syntax for type uuid: ""
2026/08/15 09:52:00 AuditWorker: Error inserting event c7d96929-338a-4a4c-8d18-a8d9ed5a427a: failed to insert pending batch audit log: pq: invalid input syntax for type uuid: ""
2026/08/15 09:52:00 AuditWorker: Error inserting event a22b110f-7c3d-4f57-bcfe-721aa0a7c23a: failed to insert pending batch audit log: pq: invalid input syntax for type uuid: ""
2026/08/15 09:52:00 AuditWorker: Error inserting event 0f951c6a-d368-48e8-bb33-961e4a51e3b2: failed to insert pending batch audit log: pq: invalid input syntax for type uuid: ""
2026/08/15 09:52:00 AuditWorker: Error inserting event b6c443a8-6482-45bd-888f-6a1a61bb69d1: failed to insert pending batch audit log: pq: invalid input syntax for type uuid: ""
2026/08/15 09:52:00 AuditWorker: Error inserting event 77e1e398-2285-4b09-90b7-e7e8b15ce563: failed to insert pending batch audit log: pq: invalid input syntax for type uuid: ""
2026/08/15 09:52:00 AuditWorker: Error inserting event 2497c5e5-6c55-4c15-8e43-eb95236872f9: failed to insert pending batch audit log: pq: invalid input syntax for type uuid: "unknown"
2026/08/15 09:52:00 AuditWorker: Error inserting event d41d3d1b-30da-4f24-b58d-18105c2f4165: failed to insert pending batch audit log: pq: invalid input syntax for type uuid: ""
2026/08/15 09:52:00 AuditWorker: Error inserting event 8e51337f-d1e4-4f3f-8701-e78dde7441d7: failed to insert pending batch audit log: pq: invalid input syntax for type uuid: ""
2026/08/15 09:52:00 AuditWorker: Error inserting event 49327a63-8e46-4488-8cb6-e4667e51414f: failed to insert pending batch audit log: pq: invalid input syntax for type uuid: "unknown"
2026/08/15 09:52:00 AuditWorker: Error inserting event 3fae9265-a26d-4485-90c8-4d59bc25588c: failed to insert pending batch audit log: pq: invalid input syntax for type uuid: "unknown"
2026/08/15 09:52:00 AuditWorker: Error inserting event 94db57aa-8e53-4985-bbfc-7abbffbd9594: failed to insert pending batch audit log: pq: invalid input syntax for type uuid: ""
2026/08/15 09:52:00 AuditWorker: Error inserting event 29ac45da-3148-41f8-a027-bd065aa41e72: failed to insert pending batch audit log: pq: invalid input syntax for type uuid: "unknown"
2026/08/15 09:52:00 AuditWorker: Error inserting event 03564239-f7f2-44cd-a8a7-f4c7a7d8f232: failed to insert pending batch audit log: pq: invalid input syntax for type uuid: ""
2026/08/15 09:52:00 AuditWorker: Error inserting event 4b122fde-8568-4c6f-b7f2-c08a93932c50: failed to insert pending batch audit log: pq: invalid input syntax for type uuid: ""
2026/08/15 09:52:00 AuditWorker: Error inserting event 2373dae0-f271-49e6-ad1c-ce534e43fd5a: failed to insert pending batch audit log: pq: invalid input syntax for type uuid: "unknown"
2026/08/15 09:52:00 AuditWorker: Error inserting event 5998d9f4-5a73-4722-b980-01ceca38d9e8: failed to insert pending batch audit log: pq: invalid input syntax for type uuid: "unknown"
2026/08/15 09:52:00 AuditWorker: Error inserting event 6a7baeba-a8d4-40e1-a713-9a51c3bb06fb: failed to insert pending batch audit log: pq: invalid input syntax for type uuid: ""
2026/08/15 09:52:00 AuditWorker: Error inserting event 7e556aad-6b25-4d03-9425-b399e87a2189: failed to insert pending batch audit log: pq: invalid input syntax for type uuid: "unknown"
2026/08/15 09:52:00 AuditWorker: Error inserting event efe5c97c-b084-468e-8ac0-62e8e83beb0e: failed to insert pending batch audit log: pq: invalid input syntax for type uuid: ""
2026/08/15 09:52:00 AuditWorker: Error inserting event 768abb7b-2cd5-4dd4-a886-3d2e9dd2df32: failed to insert pending batch audit log: pq: invalid input syntax for type uuid: "unknown"
2026/08/15 09:52:00 AuditWorker: Error inserting event 76e04477-4eef-40a2-a81e-113fa6104ab9: failed to insert pending batch audit log: pq: invalid input syntax for type uuid: "unknown"
2026/08/15 09:52:00 AuditWorker: Error inserting event 097633ec-594f-4b05-8aca-ed0adfacf3d6: failed to insert pending batch audit log: pq: invalid input syntax for type uuid: "unknown"
2026/08/15 09:52:00 AuditWorker: Error inserting event 874182b2-5424-4eb1-81aa-d40f8a3df5ac: failed to insert pending batch audit log: pq: invalid input syntax for type uuid: "unknown"
2026/08/15 09:52:00 AuditWorker: Error inserting event d0dd192f-e1ce-4784-ba36-0badd0c92124: failed to insert pending batch audit log: pq: invalid input syntax for type uuid: "unknown"
2026/08/15 09:52:00 AuditWorker: Error inserting event 5d804547-0299-4d43-a3e1-f8c4b7298710: failed to insert pending batch audit log: pq: invalid input syntax for type uuid: "unknown"
2026/08/15 09:52:00 AuditWorker: Error inserting event a8e27536-31bb-4330-91df-f4570ae02c8f: failed to insert pending batch audit log: pq: invalid input syntax for type uuid: "unknown"
2026/08/15 09:52:00 AuditWorker: Error inserting event 551fa9e4-08d0-4911-a52c-d321a6d652b9: failed to insert pending batch audit log: pq: invalid input syntax for type uuid: "unknown"
2026/08/15 09:52:00 AuditWorker: Error inserting event d88d3a04-1d36-44d8-9f9f-72441b1007cb: failed to insert pending batch audit log: pq: invalid input syntax for type uuid: "unknown"
2026/08/15 09:52:00 AuditWorker: Error inserting event 8a3cd69c-c222-4fae-8d43-f8b448ec8694: failed to insert pending batch audit log: pq: invalid input syntax for type uuid: ""
2026/08/15 09:52:00 AuditWorker: Error inserting event 613660cc-ff8a-4c62-b555-a14a5b68bedb: failed to insert pending batch audit log: pq: invalid input syntax for type uuid: ""
2026/08/15 09:52:00 AuditWorker: Error inserting event 5c0b9de6-8bfc-4a84-9aef-b269216e906e: failed to insert pending batch audit log: pq: invalid input syntax for type uuid: ""
2026/08/15 09:52:00 AuditWorker: Error inserting event c7d96929-338a-4a4c-8d18-a8d9ed5a427a: failed to insert pending batch audit log: pq: invalid input syntax for type uuid: ""
2026/08/15 09:52:00 AuditWorker: Error inserting event a22b110f-7c3d-4f57-bcfe-721aa0a7c23a: failed to insert pending batch audit log: pq: invalid input syntax for type uuid: ""
2026/08/15 09:52:00 AuditWorker: Error inserting event 0f951c6a-d368-48e8-bb33-961e4a51e3b2: failed to insert pending batch audit log: pq: invalid input syntax for type uuid: ""
2026/08/15 09:52:00 AuditWorker: Error inserting event b6c443a8-6482-45bd-888f-6a1a61bb69d1: failed to insert pending batch audit log: pq: invalid input syntax for type uuid: ""
2026/08/15 09:52:00 AuditWorker: Error inserting event 77e1e398-2285-4b09-90b7-e7e8b15ce563: failed to insert pending batch audit log: pq: invalid input syntax for type uuid: ""
2026/08/15 09:52:00 AuditWorker: Error inserting event 2497c5e5-6c55-4c15-8e43-eb95236872f9: failed to insert pending batch audit log: pq: invalid input syntax for type uuid: "unknown"
2026/08/15 09:52:00 AuditWorker: Error inserting event d41d3d1b-30da-4f24-b58d-18105c2f4165: failed to insert pending batch audit log: pq: invalid input syntax for type uuid: ""
2026/08/15 09:52:00 AuditWorker: Error inserting event 8e51337f-d1e4-4f3f-8701-e78dde7441d7: failed to insert pending batch audit log: pq: invalid input syntax for type uuid: ""
2026/08/15 09:52:00 AuditWorker: Error inserting event 49327a63-8e46-4488-8cb6-e4667e51414f: failed to insert pending batch audit log: pq: invalid input syntax for type uuid: "unknown"
2026/08/15 09:52:00 AuditWorker: Error inserting event 3fae9265-a26d-4485-90c8-4d59bc25588c: failed to insert pending batch audit log: pq: invalid input syntax for type uuid: "unknown"
2026/08/15 09:52:00 AuditWorker: Error inserting event 94db57aa-8e53-4985-bbfc-7abbffbd9594: failed to insert pending batch audit log: pq: invalid input syntax for type uuid: ""
2026/08/15 09:52:00 AuditWorker: Error inserting event 29ac45da-3148-41f8-a027-bd065aa41e72: failed to insert pending batch audit log: pq: invalid input syntax for type uuid: "unknown"
2026/08/15 09:52:00 AuditWorker: Error inserting event 03564239-f7f2-44cd-a8a7-f4c7a7d8f232: failed to insert pending batch audit log: pq: invalid input syntax for type uuid: ""
2026/08/15 09:52:00 AuditWorker: Error inserting event 4b122fde-8568-4c6f-b7f2-c08a93932c50: failed to insert pending batch audit log: pq: invalid input syntax for type uuid: ""
2026/08/15 09:52:00 AuditWorker: Error inserting event 2373dae0-f271-49e6-ad1c-ce534e43fd5a: failed to insert pending batch audit log: pq: invalid input syntax for type uuid: "unknown"
2026/08/15 09:52:00 AuditWorker: Error inserting event 5998d9f4-5a73-4722-b980-01ceca38d9e8: failed to insert pending batch audit log: pq: invalid input syntax for type uuid: "unknown"
2026/08/15 09:52:00 AuditWorker: Error inserting event 6a7baeba-a8d4-40e1-a713-9a51c3bb06fb: failed to insert pending batch audit log: pq: invalid input syntax for type uuid: ""
2026/08/15 09:52:00 AuditWorker: Error inserting event 7e556aad-6b25-4d03-9425-b399e87a2189: failed to insert pending batch audit log: pq: invalid input syntax for type uuid: "unknown"
2026/08/15 09:52:00 AuditWorker: Error inserting event efe5c97c-b084-468e-8ac0-62e8e83beb0e: failed to insert pending batch audit log: pq: invalid input syntax for type uuid: ""
2026/08/15 09:52:00 AuditWorker: Error inserting event 768abb7b-2cd5-4dd4-a886-3d2e9dd2df32: failed to insert pending batch audit log: pq: invalid input syntax for type uuid: "unknown"
2026/08/15 09:52:00 AuditWorker: Error inserting event 76e04477-4eef-40a2-a81e-113fa6104ab9: failed to insert pending batch audit log: pq: invalid input syntax for type uuid: "unknown"
2026/08/15 09:52:00 AuditWorker: Error inserting event 097633ec-594f-4b05-8aca-ed0adfacf3d6: failed to insert pending batch audit log: pq: invalid input syntax for type uuid: "unknown"
2026/08/15 09:52:00 AuditWorker: Error inserting event 874182b2-5424-4eb1-81aa-d40f8a3df5ac: failed to insert pending batch audit log: pq: invalid input syntax for type uuid: "unknown"
2026/08/15 09:52:00 AuditWorker: Error inserting event d0dd192f-e1ce-4784-ba36-0badd0c92124: failed to insert pending batch audit log: pq: invalid input syntax for type uuid: "unknown"
2026/08/15 09:52:00 AuditWorker: Error inserting event 5d804547-0299-4d43-a3e1-f8c4b7298710: failed to insert pending batch audit log: pq: invalid input syntax for type uuid: "unknown"
2026/08/15 09:52:00 AuditWorker: Error inserting event a8e27536-31bb-4330-91df-f4570ae02c8f: failed to insert pending batch audit log: pq: invalid input syntax for type uuid: "unknown"
2026/08/15 09:52:00 AuditWorker: Error inserting event 551fa9e4-08d0-4911-a52c-d321a6d652b9: failed to insert pending batch audit log: pq: invalid input syntax for type uuid: "unknown"
2026/08/15 09:52:00 AuditWorker: Error inserting event d88d3a04-1d36-44d8-9f9f-72441b1007cb: failed to insert pending batch audit log: pq: invalid input syntax for type uuid: "unknown"
2026/08/15 09:52:00 AuditWorker: Error inserting event 8a3cd69c-c222-4fae-8d43-f8b448ec8694: failed to insert pending batch audit log: pq: invalid input syntax for type uuid: ""
2026/08/15 09:52:00 AuditWorker: Error inserting event 613660cc-ff8a-4c62-b555-a14a5b68bedb: failed to insert pending batch audit log: pq: invalid input syntax for type uuid: ""
2026/08/15 09:52:00 AuditWorker: Error inserting event 5c0b9de6-8bfc-4a84-9aef-b269216e906e: failed to insert pending batch audit log: pq: invalid input syntax for type uuid: ""
2026/08/15 09:52:00 AuditWorker: Error inserting event c7d96929-338a-4a4c-8d18-a8d9ed5a427a: failed to insert pending batch audit log: pq: invalid input syntax for type uuid: ""
2026/08/15 09:52:00 AuditWorker: Error inserting event a22b110f-7c3d-4f57-bcfe-721aa0a7c23a: failed to insert pending batch audit log: pq: invalid input syntax for type uuid: ""
2026/08/15 09:52:00 AuditWorker: Error inserting event 0f951c6a-d368-48e8-bb33-961e4a51e3b2: failed to insert pending batch audit log: pq: invalid input syntax for type uuid: ""
2026/08/15 09:52:00 AuditWorker: Error inserting event b6c443a8-6482-45bd-888f-6a1a61bb69d1: failed to insert pending batch audit log: pq: invalid input syntax for type uuid: ""
2026/08/15 09:52:00 AuditWorker: Error inserting event 77e1e398-2285-4b09-90b7-e7e8b15ce563: failed to insert pending batch audit log: pq: invalid input syntax for type uuid: ""
2026/08/15 09:52:00 AuditWorker: Error inserting event 2497c5e5-6c55-4c15-8e43-eb95236872f9: failed to insert pending batch audit log: pq: invalid input syntax for type uuid: "unknown"
2026/08/15 09:52:00 AuditWorker: Error inserting event d41d3d1b-30da-4f24-b58d-18105c2f4165: failed to insert pending batch audit log: pq: invalid input syntax for type uuid: ""
2026/08/15 09:52:00 AuditWorker: Error inserting event 8e51337f-d1e4-4f3f-8701-e78dde7441d7: failed to insert pending batch audit log: pq: invalid input syntax for type uuid: ""
2026/08/15 09:52:00 AuditWorker: Error inserting event 49327a63-8e46-4488-8cb6-e4667e51414f: failed to insert pending batch audit log: pq: invalid input syntax for type uuid: "unknown"
2026/08/15 09:52:00 AuditWorker: Error inserting event 3fae9265-a26d-4485-90c8-4d59bc25588c: failed to insert pending batch audit log: pq: invalid input syntax for type uuid: "unknown"
2026/08/15 09:52:00 AuditWorker: Error inserting event 94db57aa-8e53-4985-bbfc-7abbffbd9594: failed to insert pending batch audit log: pq: invalid input syntax for type uuid: ""
2026/08/15 09:52:00 AuditWorker: Error inserting event 29ac45da-3148-41f8-a027-bd065aa41e72: failed to insert pending batch audit log: pq: invalid input syntax for type uuid: "unknown"
2026/08/15 09:52:00 AuditWorker: Error inserting event 03564239-f7f2-44cd-a8a7-f4c7a7d8f232: failed to insert pending batch audit log: pq: invalid input syntax for type uuid: ""
2026/08/15 09:52:00 AuditWorker: Error inserting event 4b122fde-8568-4c6f-b7f2-c08a93932c50: failed to insert pending batch audit log: pq: invalid input syntax for type uuid: ""
2026/08/15 09:52:00 AuditWorker: Error inserting event 2373dae0-f271-49e6-ad1c-ce534e43fd5a: failed to insert pending batch audit log: pq: invalid input syntax for type uuid: "unknown"
2026/08/15 09:52:00 AuditWorker: Error inserting event 5998d9f4-5a73-4722-b980-01ceca38d9e8: failed to insert pending batch audit log: pq: invalid input syntax for type uuid: "unknown"
2026/08/15 09:52:00 AuditWorker: Error inserting event 6a7baeba-a8d4-40e1-a713-9a51c3bb06fb: failed to insert pending batch audit log: pq: invalid input syntax for type uuid: ""
2026/08/15 09:52:00 AuditWorker: Error inserting event 7e556aad-6b25-4d03-9425-b399e87a2189: failed to insert pending batch audit log: pq: invalid input syntax for type uuid: "unknown"
2026/08/15 09:52:00 AuditWorker: Error inserting event efe5c97c-b084-468e-8ac0-62e8e83beb0e: failed to insert pending batch audit log: pq: invalid input syntax for type uuid: ""
2026/08/15 09:52:00 AuditWorker: Error inserting event 768abb7b-2cd5-4dd4-a886-3d2e9dd2df32: failed to insert pending batch audit log: pq: invalid input syntax for type uuid: "unknown"
2026/08/15 09:52:00 AuditWorker: Error inserting event 76e04477-4eef-40a2-a81e-113fa6104ab9: failed to insert pending batch audit log: pq: invalid input syntax for type uuid: "unknown"
2026/08/15 09:52:00 AuditWorker: Error inserting event 097633ec-594f-4b05-8aca-ed0adfacf3d6: failed to insert pending batch audit log: pq: invalid input syntax for type uuid: "unknown"
2026/08/15 09:52:00 AuditWorker: Error inserting event 874182b2-5424-4eb1-81aa-d40f8a3df5ac: failed to insert pending batch audit log: pq: invalid input syntax for type uuid: "unknown"
2026/08/15 09:52:00 AuditWorker: Error inserting event d0dd192f-e1ce-4784-ba36-0badd0c92124: failed to insert pending batch audit log: pq: invalid input syntax for type uuid: "unknown"
2026/08/15 09:52:00 AuditWorker: Error inserting event 5d804547-0299-4d43-a3e1-f8c4b7298710: failed to insert pending batch audit log: pq: invalid input syntax for type uuid: "unknown"
2026/08/15 09:52:01 AuditWorker: Error inserting event a8e27536-31bb-4330-91df-f4570ae02c8f: failed to insert pending batch audit log: pq: invalid input syntax for type uuid: "unknown"
2026/08/15 09:52:01 AuditWorker: Error inserting event 551fa9e4-08d0-4911-a52c-d321a6d652b9: failed to insert pending batch audit log: pq: invalid input syntax for type uuid: "unknown"
2026/08/15 09:52:01 AuditWorker: Error inserting event d88d3a04-1d36-44d8-9f9f-72441b1007cb: failed to insert pending batch audit log: pq: invalid input syntax for type uuid: "unknown"
2026/08/15 09:52:01 AuditWorker: Error inserting event 8a3cd69c-c222-4fae-8d43-f8b448ec8694: failed to insert pending batch audit log: pq: invalid input syntax for type uuid: ""
2026/08/15 09:52:01 AuditWorker: Error inserting event 613660cc-ff8a-4c62-b555-a14a5b68bedb: failed to insert pending batch audit log: pq: invalid input syntax for type uuid: ""
2026/08/15 09:52:01 AuditWorker: Error inserting event 5c0b9de6-8bfc-4a84-9aef-b269216e906e: failed to insert pending batch audit log: pq: invalid input syntax for type uuid: ""
2026/08/15 09:52:01 AuditWorker: Error inserting event c7d96929-338a-4a4c-8d18-a8d9ed5a427a: failed to insert pending batch audit log: pq: invalid input syntax for type uuid: ""
2026/08/15 09:52:01 AuditWorker: Error inserting event a22b110f-7c3d-4f57-bcfe-721aa0a7c23a: failed to insert pending batch audit log: pq: invalid input syntax for type uuid: ""
2026/08/15 09:52:01 AuditWorker: Error inserting event 0f951c6a-d368-48e8-bb33-961e4a51e3b2: failed to insert pending batch audit log: pq: invalid input syntax for type uuid: ""
2026/08/15 09:52:01 AuditWorker: Error inserting event b6c443a8-6482-45bd-888f-6a1a61bb69d1: failed to insert pending batch audit log: pq: invalid input syntax for type uuid: ""
2026/08/15 09:52:01 AuditWorker: Error inserting event 77e1e398-2285-4b09-90b7-e7e8b15ce563: failed to insert pending batch audit log: pq: invalid input syntax for type uuid: ""
2026/08/15 09:52:01 AuditWorker: Error inserting event 2497c5e5-6c55-4c15-8e43-eb95236872f9: failed to insert pending batch audit log: pq: invalid input syntax for type uuid: "unknown"
2026/08/15 09:52:01 AuditWorker: Error inserting event d41d3d1b-30da-4f24-b58d-18105c2f4165: failed to insert pending batch audit log: pq: invalid input syntax for type uuid: ""
2026/08/15 09:52:01 AuditWorker: Error inserting event 8e51337f-d1e4-4f3f-8701-e78dde7441d7: failed to insert pending batch audit log: pq: invalid input syntax for type uuid: ""
2026/08/15 09:52:01 AuditWorker: Error inserting event 49327a63-8e46-4488-8cb6-e4667e51414f: failed to insert pending batch audit log: pq: invalid input syntax for type uuid: "unknown"
2026/08/15 09:52:01 AuditWorker: Error inserting event 3fae9265-a26d-4485-90c8-4d59bc25588c: failed to insert pending batch audit log: pq: invalid input syntax for type uuid: "unknown"
2026/08/15 09:52:01 AuditWorker: Error inserting event 94db57aa-8e53-4985-bbfc-7abbffbd9594: failed to insert pending batch audit log: pq: invalid input syntax for type uuid: ""
2026/08/15 09:52:01 AuditWorker: Error inserting event 29ac45da-3148-41f8-a027-bd065aa41e72: failed to insert pending batch audit log: pq: invalid input syntax for type uuid: "unknown"
2026/08/15 09:52:01 AuditWorker: Error inserting event 03564239-f7f2-44cd-a8a7-f4c7a7d8f232: failed to insert pending batch audit log: pq: invalid input syntax for type uuid: ""
2026/08/15 09:52:01 AuditWorker: Error inserting event 4b122fde-8568-4c6f-b7f2-c08a93932c50: failed to insert pending batch audit log: pq: invalid input syntax for type uuid: ""
2026/08/15 09:52:01 AuditWorker: Error inserting event 2373dae0-f271-49e6-ad1c-ce534e43fd5a: failed to insert pending batch audit log: pq: invalid input syntax for type uuid: "unknown"
2026/08/15 09:52:01 AuditWorker: Error inserting event 5998d9f4-5a73-4722-b980-01ceca38d9e8: failed to insert pending batch audit log: pq: invalid input syntax for type uuid: "unknown"
2026/08/15 09:52:01 AuditWorker: Error inserting event 6a7baeba-a8d4-40e1-a713-9a51c3bb06fb: failed to insert pending batch audit log: pq: invalid input syntax for type uuid: ""
2026/08/15 09:52:01 AuditWorker: Error inserting event 7e556aad-6b25-4d03-9425-b399e87a2189: failed to insert pending batch audit log: pq: invalid input syntax for type uuid: "unknown"
2026/08/15 09:52:01 AuditWorker: Error inserting event efe5c97c-b084-468e-8ac0-62e8e83beb0e: failed to insert pending batch audit log: pq: invalid input syntax for type uuid: ""
2026/08/15 09:52:01 AuditWorker: Error inserting event 768abb7b-2cd5-4dd4-a886-3d2e9dd2df32: failed to insert pending batch audit log: pq: invalid input syntax for type uuid: "unknown"
